#usda 1.0
(
    customLayerData = {
    }
)

over "demo_datacentre_01"
{
    over "demo_datacentre_01_Site"
    {
        over "demo_datacentre_01"
        {
            over "L00_Ground"
            {
                over "wall_l0_h_014" (
                    prepend apiSchemas = ["AecoElementAPI", "AecoWallAPI", "AecoAxisAPI", "AecoClassificationAPI:ifc"]
                    displayName = "wall.l0.h.014"
                    inherits = </demo_datacentre_01/_TypeCatalog/Fire_Wall_200>
                )
                {
                    uniform token aeco:axis:curve = "line"
                    double3 aeco:axis:end = (4, 0, 0)
                    double aeco:axis:length = 4
                    double3 aeco:axis:start = (0, 0, 0)
                    string aeco:class:ifc:code = "IfcWall.SOLIDWALL"
                    string aeco:id = "7cac4c99-c7d3-584f-a822-6410a492f040"
                    bool aeco:wall:allowJoinAtEnd = 1
                    bool aeco:wall:allowJoinAtStart = 1
                    double aeco:wall:baseOffset = 0
                    bool aeco:wall:flipped = 0
                    double aeco:wall:grossSideArea = 28.6
                    double aeco:wall:grossVolume = 0
                    double aeco:wall:height = 7.15
                    rel aeco:wall:joinAlongPath = None
                    rel aeco:wall:joinAtEnd = None
                    rel aeco:wall:joinAtStart = None
                    uniform token aeco:wall:locationLine = "finishFaceExterior"
                    double aeco:wall:thickness = 0
                    double aeco:wall:topOffset = 0
                    matrix4d xformOp:transform = ( (1, 0, 0, 0), (0, 1, 0, 0), (0, 0, 1, 0), (26, 0, 0, 1) )
                    uniform token[] xformOpOrder = ["xformOp:transform"]

                    over "Geom" (
                        prepend apiSchemas = ["AecoDerivedGeometryAPI"]
                    )
                    {
                        uniform token aeco:derived:approx = "tessellated"
                        uniform token aeco:derived:role = "body"
                        string aeco:derived:source = "7cac4c99-c7d3-584f-a822-6410a492f040"
                        string aeco:derived:stamp = "ifcopenshell 0.8.5"
                        float3[] extent = [(0, -0.1, 0), (4, 0.1, 7.15)]
                        int[] faceVertexCounts = [3, 3, 3, 3, 3, 3, 3, 3, 3, 3, 3, 3]
                        int[] faceVertexIndices = [3, 0, 1, 3, 1, 2, 5, 3, 2, 5, 2, 4, 7, 5, 4, 7, 4, 6, 0, 7, 6, 0, 6, 1, 3, 5, 7, 3, 7, 0, 6, 4, 2, 1, 6, 2]
                        point3f[] points = [(0, -0.1, 0), (0, -0.1, 7.15), (0, 0.1, 7.15), (0, 0.1, 0), (4, 0.1, 7.15), (4, 0.1, 0), (4, -0.1, 7.15), (4, -0.1, 0)]
                        uniform token purpose = "render"
                        uniform token subdivisionScheme = "none"
                        uniform token subsetFamily:materialBind:familyType = "partition"
                        matrix4d xformOp:transform = ( (1, 0, 0, 0), (0, 1, 0, 0), (0, 0, 1, 0), (0, 0, 0, 1) )
                        uniform token[] xformOpOrder = ["xformOp:transform"]

                        def GeomSubset "Material_0" (
                            prepend apiSchemas = ["MaterialBindingAPI"]
                            customData = {
                                dictionary ifc = {
                                    int materialId = 0
                                }
                            }
                        )
                        {
                            uniform token elementType = "face"
                            uniform token familyName = "materialBind"
                            int[] indices = [0, 1, 2, 3, 4, 5, 6, 7, 8, 9, 10, 11]
                            rel material:binding = </demo_datacentre_01/demo_datacentre_01_Site/demo_datacentre_01/L00_Ground/wall_l0_h_014/Materials/Material_0>
                        }
                    }

                    def "Materials"
                    {
                        def Material "Material_0" (
                            customData = {
                                dictionary ifc = {
                                    int styleId = 1739
                                }
                            }
                            displayName = "IfcSurfaceStyleShading-1740"
                        )
                        {
                        }
                    }
                }

                over "rt_clg_fwp_1_s_Riser" (
                    prepend apiSchemas = ["AecoElementAPI", "AecoPipeAPI", "AecoAxisAPI", "AecoClassificationAPI:ifc"]
                    displayName = "rt.clg.fwp.1.s Riser"
                    inherits = </demo_datacentre_01/_TypeCatalog/FWS_Pipe_DN100>
                )
                {
                    uniform token aeco:axis:curve = "line"
                    double3 aeco:axis:end = (0, 0, 3.8499999999999996)
                    double aeco:axis:length = 3.8499999999999996
                    double3 aeco:axis:start = (0, 0, 0)
                    string aeco:class:ifc:code = "IfcPipeSegment.RIGIDSEGMENT"
                    string aeco:id = "dfd04dfb-5bf0-511e-8a96-ccf71a4e8a00"
                    double aeco:pipe:innerDiameter = 0
                    double aeco:pipe:nominalDiameter = 0.1
                    double aeco:pipe:outerDiameter = 0.1
                    string aeco:pipe:sizeLabel = ""
                    double aeco:pipe:slope = 0
                    matrix4d xformOp:transform = ( (0, -1, 0, 0), (1, 0, 0, 0), (0, 0, 1, 0), (26.1, 3, 0.9, 1) )
                    uniform token[] xformOpOrder = ["xformOp:transform"]

                    over "Port_d4d7f5" (
                        prepend apiSchemas = ["AecoPipePortAPI"]
                    )
                    {
                        rel aeco:connectedPorts = </demo_datacentre_01/demo_datacentre_01_Site/demo_datacentre_01/L00_Ground/Cooling_Plant_Room/FWP_1/Port_64d33a>
                        uniform token aeco:flowDirection = "sink"
                        string aeco:id = "d4d7f5d1-e086-56c9-8912-86ac7ec65f41"
                        uniform token aeco:medium = "pipe"
                        double aeco:pipePort:nominalDiameter = 0.1
                        matrix4d xformOp:transform = ( (1, 0, 0, 0), (0, 1, 0, 0), (0, 0, 1, 0), (0, 0, 0, 1) )
                        uniform token[] xformOpOrder = ["xformOp:transform"]
                    }

                    over "Port" (
                        prepend apiSchemas = ["AecoPipePortAPI"]
                    )
                    {
                        rel aeco:connectedPorts = None
                        uniform token aeco:flowDirection = "undefined"
                        string aeco:id = "1d18ec41-b5b5-54c1-ab55-f0d99ff089b8"
                        uniform token aeco:medium = "pipe"
                        double aeco:pipePort:nominalDiameter = 0.1
                        matrix4d xformOp:transform = ( (1, 0, 0, 0), (0, 1, 0, 0), (0, 0, 1, 0), (0, 0, 3.85, 1) )
                        uniform token[] xformOpOrder = ["xformOp:transform"]
                    }

                    over "Geom" (
                        prepend apiSchemas = ["AecoDerivedGeometryAPI"]
                    )
                    {
                        uniform token aeco:derived:approx = "tessellated"
                        uniform token aeco:derived:role = "body"
                        string aeco:derived:source = "dfd04dfb-5bf0-511e-8a96-ccf71a4e8a00"
                        string aeco:derived:stamp = "ifcopenshell 0.8.5"
                        float3[] extent = [(-0.05, -0.049635444, 0), (0.05, 0.049635444, 3.85)]
                        int[] faceVertexCounts = [3, 3, 3, 3, 3, 3, 3, 3, 3, 3, 3, 3, 3, 3, 3, 3, 3, 3, 3, 3, 3, 3, 3, 3, 3, 3, 3, 3, 3, 3, 3, 3, 3, 3, 3, 3, 3, 3, 3, 3, 3, 3, 3, 3, 3, 3, 3, 3, 3, 3, 3, 3, 3, 3, 3, 3, 3, 3, 3, 3, 3, 3, 3, 3, 3, 3, 3, 3, 3, 3, 3, 3, 3, 3, 3, 3, 3, 3, 3, 3, 3, 3, 3, 3, 3, 3, 3, 3, 3, 3, 3, 3, 3, 3, 3, 3, 3, 3, 3, 3]
                        int[] faceVertexIndices = [1, 0, 27, 2, 1, 27, 3, 2, 28, 2, 27, 28, 4, 3, 29, 5, 4, 29, 3, 28, 29, 5, 29, 30, 6, 5, 31, 7, 6, 31, 5, 30, 31, 8, 7, 32, 7, 31, 32, 8, 32, 33, 9, 8, 34, 8, 33, 34, 10, 9, 35, 9, 34, 35, 11, 10, 36, 12, 11, 36, 10, 35, 36, 12, 36, 37, 13, 12, 37, 13, 37, 38, 14, 13, 38, 14, 38, 39, 15, 14, 39, 15, 39, 40, 16, 15, 41, 15, 40, 41, 17, 16, 42, 16, 41, 42, 18, 17, 43, 19, 18, 43, 17, 42, 43, 19, 43, 44, 20, 19, 45, 19, 44, 45, 21, 20, 46, 22, 21, 46, 20, 45, 46, 22, 46, 47, 23, 22, 48, 22, 47, 48, 24, 23, 49, 23, 48, 49, 25, 24, 50, 24, 49, 50, 26, 25, 51, 25, 50, 51, 1, 26, 0, 26, 51, 0, 27, 0, 29, 28, 27, 29, 31, 30, 29, 32, 31, 29, 33, 32, 29, 34, 33, 29, 35, 34, 29, 36, 35, 29, 37, 36, 29, 38, 37, 29, 39, 38, 29, 40, 39, 29, 41, 40, 29, 42, 41, 29, 43, 42, 29, 44, 43, 29, 45, 44, 29, 46, 45, 29, 47, 46, 29, 48, 47, 29, 49, 48, 29, 50, 49, 29, 51, 50, 29, 0, 51, 29, 4, 1, 2, 4, 2, 3, 4, 5, 6, 4, 6, 7, 4, 7, 8, 4, 8, 9, 4, 9, 10, 4, 10, 11, 4, 11, 12, 4, 12, 13, 4, 13, 14, 4, 14, 15, 4, 15, 16, 4, 16, 17, 4, 17, 18, 4, 18, 19, 4, 19, 20, 4, 20, 21, 4, 21, 22, 4, 22, 23, 4, 23, 24, 4, 24, 25, 4, 25, 26, 4, 26, 1]
                        point3f[] points = [(0.05, 0, 0), (0.05, 0, 3.85), (0.04854709, 0.011965783, 3.85), (0.044272803, 0.02323616, 3.85), (0.037425537, 0.033156134, 3.85), (0.028403237, 0.04114919, 3.85), (0.017730244, 0.046750814, 3.85), (0.006026834, 0.049635444, 3.85), (-0.006026834, 0.049635444, 3.85), (-0.017730244, 0.046750814, 3.85), (-0.028403237, 0.04114919, 3.85), (-0.037425537, 0.033156134, 3.85), (-0.044272803, 0.02323616, 3.85), (-0.04854709, 0.011965783, 3.85), (-0.05, 5.0532156e-17, 3.85), (-0.04854709, -0.011965783, 3.85), (-0.044272803, -0.02323616, 3.85), (-0.037425537, -0.033156134, 3.85), (-0.028403237, -0.04114919, 3.85), (-0.017730244, -0.046750814, 3.85), (-0.006026834, -0.049635444, 3.85), (0.006026834, -0.049635444, 3.85), (0.017730244, -0.046750814, 3.85), (0.028403237, -0.04114919, 3.85), (0.037425537, -0.033156134, 3.85), (0.044272803, -0.02323616, 3.85), (0.04854709, -0.011965783, 3.85), (0.04854709, 0.011965783, 0), (0.044272803, 0.02323616, 0), (0.037425537, 0.033156134, 0), (0.028403237, 0.04114919, 0), (0.017730244, 0.046750814, 0), (0.006026834, 0.049635444, 0), (-0.006026834, 0.049635444, 0), (-0.017730244, 0.046750814, 0), (-0.028403237, 0.04114919, 0), (-0.037425537, 0.033156134, 0), (-0.044272803, 0.02323616, 0), (-0.04854709, 0.011965783, 0), (-0.05, 5.0532156e-17, 0), (-0.04854709, -0.011965783, 0), (-0.044272803, -0.02323616, 0), (-0.037425537, -0.033156134, 0), (-0.028403237, -0.04114919, 0), (-0.017730244, -0.046750814, 0), (-0.006026834, -0.049635444, 0), (0.006026834, -0.049635444, 0), (0.017730244, -0.046750814, 0), (0.028403237, -0.04114919, 0), (0.037425537, -0.033156134, 0), (0.044272803, -0.02323616, 0), (0.04854709, -0.011965783, 0)]
                        uniform token purpose = "render"
                        uniform token subdivisionScheme = "none"
                        uniform token subsetFamily:materialBind:familyType = "partition"
                        matrix4d xformOp:transform = ( (1, 0, 0, 0), (0, 1, 0, 0), (0, 0, 1, 0), (0, 0, 0, 1) )
                        uniform token[] xformOpOrder = ["xformOp:transform"]

                        def GeomSubset "Material_0" (
                            prepend apiSchemas = ["MaterialBindingAPI"]
                            customData = {
                                dictionary ifc = {
                                    int materialId = 0
                                }
                            }
                        )
                        {
                            uniform token elementType = "face"
                            uniform token familyName = "materialBind"
                            int[] indices = [0, 1, 2, 3, 4, 5, 6, 7, 8, 9, 10, 11, 12, 13, 14, 15, 16, 17, 18, 19, 20, 21, 22, 23, 24, 25, 26, 27, 28, 29, 30, 31, 32, 33, 34, 35, 36, 37, 38, 39, 40, 41, 42, 43, 44, 45, 46, 47, 48, 49, 50, 51, 52, 53, 54, 55, 56, 57, 58, 59, 60, 61, 62, 63, 64, 65, 66, 67, 68, 69, 70, 71, 72, 73, 74, 75, 76, 77, 78, 79, 80, 81, 82, 83, 84, 85, 86, 87, 88, 89, 90, 91, 92, 93, 94, 95, 96, 97, 98, 99]
                            rel material:binding = </demo_datacentre_01/demo_datacentre_01_Site/demo_datacentre_01/L00_Ground/rt_clg_fwp_1_s_Riser/Materials/Material_0>
                        }
                    }

                    def "Materials"
                    {
                        def Material "Material_0" (
                            customData = {
                                dictionary ifc = {
                                    int styleId = 86847
                                }
                            }
                            displayName = "IfcSurfaceStyleShading-86848"
                        )
                        {
                        }
                    }
                }

                over "rt_clg_fwp_1_s_Elbow" (
                    prepend apiSchemas = ["AecoElementAPI", "AecoPipeFittingAPI", "AecoClassificationAPI:ifc"]
                    displayName = "rt.clg.fwp.1.s Elbow"
                    inherits = </demo_datacentre_01/_TypeCatalog/FWS_Pipe_Bend>
                )
                {
                    string aeco:class:ifc:code = "IfcPipeFitting.BEND"
                    string aeco:id = "f914f02a-3220-5b7a-8c7f-367631d5adf4"
                    double aeco:pipeFitting:angle = 0
                    double aeco:pipeFitting:bendRadius = 0
                    uniform token aeco:pipeFitting:origin = "authored"
                    matrix4d xformOp:transform = ( (1, 0, 0, 0), (0, 1, 0, 0), (0, 0, 1, 0), (26.1, 3, 4.55, 1) )
                    uniform token[] xformOpOrder = ["xformOp:transform"]

                    over "Port_618145" (
                        prepend apiSchemas = ["AecoPipePortAPI"]
                    )
                    {
                        rel aeco:connectedPorts = None
                        uniform token aeco:flowDirection = "undefined"
                        string aeco:id = "618145ef-93b8-58b2-b3ac-baf616a0143a"
                        uniform token aeco:medium = "pipe"
                        double aeco:pipePort:nominalDiameter = 0
                        matrix4d xformOp:transform = ( (1, 0, 0, 0), (0, 1, 0, 0), (0, 0, 1, 0), (0, 0, 0, 1) )
                        uniform token[] xformOpOrder = ["xformOp:transform"]
                    }

                    over "Port" (
                        prepend apiSchemas = ["AecoPipePortAPI"]
                    )
                    {
                        rel aeco:connectedPorts = </demo_datacentre_01/demo_datacentre_01_Site/demo_datacentre_01/L00_Ground/rt_clg_fwp_1_s_Leg/Port_e8e085>
                        uniform token aeco:flowDirection = "source"
                        string aeco:id = "49e664f2-83cb-5be3-a8b6-2338d88c5f18"
                        uniform token aeco:medium = "pipe"
                        double aeco:pipePort:nominalDiameter = 0
                        matrix4d xformOp:transform = ( (0, 1, 0, 0), (0, 0, 1, 0), (1, 0, 0, 0), (0.05000000000000071, 0, 0.04999999999999982, 1) )
                        uniform token[] xformOpOrder = ["xformOp:transform"]
                    }

                    over "Geom" (
                        prepend apiSchemas = ["AecoDerivedGeometryAPI"]
                    )
                    {
                        uniform token aeco:derived:approx = "tessellated"
                        uniform token aeco:derived:role = "body"
                        string aeco:derived:source = "f914f02a-3220-5b7a-8c7f-367631d5adf4"
                        string aeco:derived:stamp = "ifcopenshell 0.8.5"
                        float3[] extent = [(-0.05, -0.05, 0), (0.05, 0.05, 0.1)]
                        int[] faceVertexCounts = [3, 3, 3, 3, 3, 3, 3, 3, 3, 3, 3, 3]
                        int[] faceVertexIndices = [1, 0, 3, 2, 1, 3, 2, 3, 5, 4, 2, 5, 4, 5, 7, 6, 4, 7, 6, 7, 0, 1, 6, 0, 3, 0, 5, 0, 7, 5, 4, 1, 2, 4, 6, 1]
                        point3f[] points = [(-0.05, -0.05, 0), (-0.05, -0.05, 0.1), (0.05, -0.05, 0.1), (0.05, -0.05, 0), (0.05, 0.05, 0.1), (0.05, 0.05, 0), (-0.05, 0.05, 0.1), (-0.05, 0.05, 0)]
                        uniform token purpose = "render"
                        uniform token subdivisionScheme = "none"
                        uniform token subsetFamily:materialBind:familyType = "partition"
                        matrix4d xformOp:transform = ( (1, 0, 0, 0), (0, 1, 0, 0), (0, 0, 1, 0), (0, 0, 0, 1) )
                        uniform token[] xformOpOrder = ["xformOp:transform"]

                        def GeomSubset "Material_0" (
                            prepend apiSchemas = ["MaterialBindingAPI"]
                            customData = {
                                dictionary ifc = {
                                    int materialId = 0
                                }
                            }
                        )
                        {
                            uniform token elementType = "face"
                            uniform token familyName = "materialBind"
                            int[] indices = [0, 1, 2, 3, 4, 5, 6, 7, 8, 9, 10, 11]
                            rel material:binding = </demo_datacentre_01/demo_datacentre_01_Site/demo_datacentre_01/L00_Ground/rt_clg_fwp_1_s_Elbow/Materials/Material_0>
                        }
                    }

                    def "Materials"
                    {
                        def Material "Material_0" (
                            customData = {
                                dictionary ifc = {
                                    int styleId = 86847
                                }
                            }
                            displayName = "IfcSurfaceStyleShading-86848"
                        )
                        {
                        }
                    }
                }

                over "rt_clg_chp_2_r_Elbow"
                {
                }

                over "Busway_A_A4_Seg_6"
                {
                }

                over "Data_Tray_B1_Drop_13"
                {
                }

                over "Busway_B_B4_Drop_18"
                {
                }

                over "wall_l0_v_051"
                {
                }

                over "Busway_B_B4_Seg_1"
                {
                }

                over "Entrance_Lobby"
                {
                    over "sec_cam_lobby"
                    {
                    }

                    over "sec_cam_lobby_fixed_1"
                    {
                    }

                    over "sec_cam_lobby_fixed_2"
                    {
                    }

                    over "AVA_Entrance_Lobby"
                    {
                    }
                }

                over "Data_Tray_A4_Branch_17"
                {
                }

                over "rt_clg_fws_main_r_Bend_2"
                {
                }

                over "rack_a_r4_03_Return_Hose"
                {
                    over "Port"
                    {
                    }

                    over "Port_d99bf2"
                    {
                    }
                }

                over "Data_Tray_B2_Drop_1"
                {
                }

                over "Busway_B_A4_Seg_6"
                {
                }

                over "Busway_A_A2_Tap_11"
                {
                }

                over "Busway_B_A1_Seg_3"
                {
                }

                over "clg_man_a_r3_r_Seg_17"
                {
                    over "Port"
                    {
                    }

                    over "Port_e3a2fa"
                    {
                    }
                }

                over "rt_clg_cdu_a1_sec_s_Seg_1"
                {
                    over "Port"
                    {
                    }

                    over "Port_a8b615"
                    {
                    }
                }

                over "LV_Cable_MSB_B_HDB_B_Seg_1"
                {
                }

                over "rt_clg_chw_main_s_Tap_clg_ch_2"
                {
                }

                over "rack_a_r3_09_Return_Hose"
                {
                    over "Port"
                    {
                    }

                    over "Port_5bddaa"
                    {
                    }
                }

                over "Busway_A_A4_Tap_20"
                {
                }

                over "Data_Hall_A"
                {
                    over "Server_Rack_A2_13"
                    {
                    }

                    over "Server_Rack_A4_19"
                    {
                    }

                    over "Server_Rack_A1_20"
                    {
                    }

                    over "Server_Rack_A4_07"
                    {
                    }

                    over "Server_Rack_A2_04"
                    {
                    }

                    over "Server_Rack_A2_18"
                    {
                    }

                    over "Server_Rack_A2_07"
                    {
                    }

                    over "PDU_A_A1"
                    {
                    }

                    over "Server_Rack_A3_17"
                    {
                    }

                    over "Server_Rack_A1_18"
                    {
                    }

                    over "Server_Rack_A2_11"
                    {
                    }

                    over "Server_Rack_A4_01"
                    {
                    }

                    over "Server_Rack_A3_11"
                    {
                    }

                    over "Server_Rack_A4_17"
                    {
                    }

                    over "Server_Rack_A1_10"
                    {
                    }

                    over "PDU_B_A1"
                    {
                    }

                    over "Server_Rack_A1_17"
                    {
                    }

                    over "AVA_Data_Hall_A"
                    {
                    }

                    over "Server_Rack_A3_02"
                    {
                    }

                    over "Server_Rack_A1_15"
                    {
                    }

                    over "PDU_A_A4"
                    {
                    }

                    over "Server_Rack_A4_20"
                    {
                    }

                    over "Server_Rack_A4_03"
                    {
                    }

                    over "Server_Rack_A2_17"
                    {
                    }

                    over "Server_Rack_A1_04"
                    {
                    }

                    over "Server_Rack_A3_12"
                    {
                    }

                    over "Server_Rack_A3_19"
                    {
                    }

                    over "PDU_B_A4"
                    {
                    }

                    over "Server_Rack_A3_16"
                    {
                    }

                    over "Server_Rack_A3_09"
                    {
                    }

                    over "PDU_B_A3"
                    {
                    }

                    over "CDU_A4"
                    {
                    }

                    over "Server_Rack_A4_06"
                    {
                    }

                    over "Server_Rack_A1_08"
                    {
                    }

                    over "CDU_A2"
                    {
                    }

                    over "Server_Rack_A4_05"
                    {
                    }

                    over "Server_Rack_A2_06"
                    {
                    }

                    over "Server_Rack_A3_05"
                    {
                    }

                    over "Server_Rack_A4_10"
                    {
                    }

                    over "Server_Rack_A4_15"
                    {
                    }

                    over "PDU_B_A2"
                    {
                    }

                    over "Server_Rack_A3_08"
                    {
                    }

                    over "Server_Rack_A3_15"
                    {
                    }

                    over "Server_Rack_A2_19"
                    {
                    }

                    over "Server_Rack_A1_19"
                    {
                    }

                    over "Server_Rack_A1_12"
                    {
                    }

                    over "Server_Rack_A1_11"
                    {
                    }

                    over "Server_Rack_A3_06"
                    {
                    }

                    over "PDU_A_A3"
                    {
                    }

                    over "Server_Rack_A3_10"
                    {
                    }

                    over "Server_Rack_A1_01"
                    {
                    }

                    over "Server_Rack_A3_13"
                    {
                    }

                    over "Server_Rack_A4_04"
                    {
                    }

                    over "Server_Rack_A2_15"
                    {
                    }

                    over "Server_Rack_A1_02"
                    {
                    }

                    over "Server_Rack_A4_09"
                    {
                    }

                    over "Server_Rack_A2_05"
                    {
                    }

                    over "Server_Rack_A1_05"
                    {
                    }

                    over "Server_Rack_A2_02"
                    {
                    }

                    over "Server_Rack_A4_14"
                    {
                    }

                    over "Server_Rack_A1_06"
                    {
                    }

                    over "Server_Rack_A1_14"
                    {
                    }

                    over "Server_Rack_A3_01"
                    {
                    }

                    over "Server_Rack_A4_11"
                    {
                    }

                    over "Server_Rack_A1_07"
                    {
                    }

                    over "Server_Rack_A4_16"
                    {
                    }

                    over "Server_Rack_A2_14"
                    {
                    }

                    over "Server_Rack_A1_03"
                    {
                    }

                    over "Server_Rack_A2_03"
                    {
                    }

                    over "Server_Rack_A2_01"
                    {
                    }

                    over "CDU_A1"
                    {
                    }

                    over "Server_Rack_A2_09"
                    {
                    }

                    over "Server_Rack_A1_09"
                    {
                    }

                    over "Server_Rack_A4_02"
                    {
                    }

                    over "Server_Rack_A2_10"
                    {
                    }

                    over "Server_Rack_A4_12"
                    {
                    }

                    over "Server_Rack_A4_13"
                    {
                    }

                    over "Server_Rack_A3_18"
                    {
                    }

                    over "Server_Rack_A1_16"
                    {
                    }

                    over "Server_Rack_A3_04"
                    {
                    }

                    over "Server_Rack_A1_13"
                    {
                    }

                    over "Server_Rack_A4_08"
                    {
                    }

                    over "Server_Rack_A3_14"
                    {
                    }

                    over "Server_Rack_A3_07"
                    {
                    }

                    over "Server_Rack_A3_03"
                    {
                    }

                    over "PDU_A_A2"
                    {
                    }

                    over "Server_Rack_A2_16"
                    {
                    }

                    over "Server_Rack_A2_08"
                    {
                    }

                    over "Server_Rack_A3_20"
                    {
                    }

                    over "Server_Rack_A2_20"
                    {
                    }

                    over "Server_Rack_A4_18"
                    {
                    }

                    over "Server_Rack_A2_12"
                    {
                    }

                    over "CDU_A3"
                    {
                    }
                }

                over "Data_Tray_A2_Seg_19"
                {
                }

                over "Busway_A_B4_Seg_18"
                {
                }

                over "Busway_B_A4_Seg_20"
                {
                }

                over "Busway_A_A2_Seg_5"
                {
                }

                over "Busway_A_B4_Tap_8"
                {
                }

                over "Busway_B_A2_Drop_10"
                {
                }

                over "Data_Tray_A1_Seg_1"
                {
                }

                over "Busway_B_B2_Drop_8"
                {
                }

                over "Busway_A_A2_Drop_20"
                {
                }

                over "Office_Corridor_L00"
                {
                    over "sec_cam_corr_ocorr_0_1"
                    {
                    }

                    over "sec_cam_corr_ocorr_0_2"
                    {
                    }
                }

                over "Data_Hall_B"
                {
                    over "Server_Rack_B2_17"
                    {
                    }

                    over "Server_Rack_B1_02"
                    {
                    }

                    over "Server_Rack_B1_12"
                    {
                    }

                    over "PDU_A_B2"
                    {
                    }

                    over "Server_Rack_B1_15"
                    {
                    }

                    over "PDU_B_B4"
                    {
                    }

                    over "Server_Rack_B3_05"
                    {
                    }

                    over "CRAH_B5"
                    {
                    }

                    over "Server_Rack_B3_04"
                    {
                    }

                    over "Server_Rack_B4_05"
                    {
                    }

                    over "Server_Rack_B2_06"
                    {
                    }

                    over "Server_Rack_B4_14"
                    {
                    }

                    over "Server_Rack_B1_11"
                    {
                    }

                    over "Server_Rack_B4_16"
                    {
                    }

                    over "Server_Rack_B2_12"
                    {
                    }

                    over "Server_Rack_B4_11"
                    {
                    }

                    over "Server_Rack_B1_09"
                    {
                    }

                    over "Server_Rack_B4_10"
                    {
                    }

                    over "Server_Rack_B4_04"
                    {
                    }

                    over "Server_Rack_B3_08"
                    {
                    }

                    over "Server_Rack_B2_07"
                    {
                    }

                    over "Server_Rack_B1_04"
                    {
                    }

                    over "PDU_B_B3"
                    {
                    }

                    over "Server_Rack_B3_20"
                    {
                    }

                    over "CRAH_B6"
                    {
                    }

                    over "Server_Rack_B2_15"
                    {
                    }

                    over "Server_Rack_B2_09"
                    {
                    }

                    over "Server_Rack_B1_07"
                    {
                    }

                    over "Server_Rack_B3_03"
                    {
                    }

                    over "Server_Rack_B1_10"
                    {
                    }

                    over "Server_Rack_B3_02"
                    {
                    }

                    over "Server_Rack_B4_19"
                    {
                    }

                    over "Server_Rack_B3_18"
                    {
                    }

                    over "Server_Rack_B1_17"
                    {
                    }

                    over "Server_Rack_B1_14"
                    {
                    }

                    over "Server_Rack_B2_13"
                    {
                    }

                    over "Server_Rack_B4_18"
                    {
                    }

                    over "Server_Rack_B1_06"
                    {
                    }

                    over "Server_Rack_B2_05"
                    {
                    }

                    over "Server_Rack_B4_06"
                    {
                    }

                    over "Server_Rack_B1_18"
                    {
                    }

                    over "Server_Rack_B2_14"
                    {
                    }

                    over "Server_Rack_B3_12"
                    {
                    }

                    over "Server_Rack_B1_20"
                    {
                    }

                    over "Server_Rack_B3_19"
                    {
                    }

                    over "Server_Rack_B2_01"
                    {
                    }

                    over "PDU_A_B4"
                    {
                    }

                    over "Server_Rack_B2_10"
                    {
                    }

                    over "CRAH_B4"
                    {
                    }

                    over "Server_Rack_B1_16"
                    {
                    }

                    over "Server_Rack_B3_07"
                    {
                    }

                    over "Server_Rack_B4_03"
                    {
                    }

                    over "Server_Rack_B4_01"
                    {
                    }

                    over "Server_Rack_B4_08"
                    {
                    }

                    over "Server_Rack_B1_19"
                    {
                    }

                    over "CRAH_B2"
                    {
                    }

                    over "Server_Rack_B3_17"
                    {
                    }

                    over "Server_Rack_B2_03"
                    {
                    }

                    over "Server_Rack_B4_12"
                    {
                    }

                    over "Server_Rack_B3_06"
                    {
                    }

                    over "Server_Rack_B2_19"
                    {
                    }

                    over "Server_Rack_B3_15"
                    {
                    }

                    over "Server_Rack_B2_16"
                    {
                    }

                    over "Server_Rack_B2_11"
                    {
                    }

                    over "Server_Rack_B4_13"
                    {
                    }

                    over "Server_Rack_B3_09"
                    {
                    }

                    over "Server_Rack_B2_20"
                    {
                    }

                    over "Server_Rack_B4_02"
                    {
                    }

                    over "CRAH_B1"
                    {
                    }

                    over "Server_Rack_B3_13"
                    {
                    }

                    over "Server_Rack_B4_07"
                    {
                    }

                    over "Server_Rack_B4_09"
                    {
                    }

                    over "Server_Rack_B2_02"
                    {
                    }

                    over "Server_Rack_B2_04"
                    {
                    }

                    over "Server_Rack_B3_11"
                    {
                    }

                    over "Server_Rack_B3_16"
                    {
                    }

                    over "Server_Rack_B4_17"
                    {
                    }

                    over "Server_Rack_B3_01"
                    {
                    }

                    over "PDU_B_B1"
                    {
                    }

                    over "Server_Rack_B1_08"
                    {
                    }

                    over "Server_Rack_B2_18"
                    {
                    }

                    over "Server_Rack_B4_20"
                    {
                    }

                    over "PDU_A_B3"
                    {
                    }

                    over "Server_Rack_B1_05"
                    {
                    }

                    over "PDU_A_B1"
                    {
                    }

                    over "Server_Rack_B3_14"
                    {
                    }

                    over "Server_Rack_B1_13"
                    {
                    }

                    over "CRAH_B3"
                    {
                    }

                    over "Server_Rack_B1_01"
                    {
                    }

                    over "Server_Rack_B4_15"
                    {
                    }

                    over "Server_Rack_B1_03"
                    {
                    }

                    over "PDU_B_B2"
                    {
                    }

                    over "Server_Rack_B2_08"
                    {
                    }

                    over "AVA_Data_Hall_B"
                    {
                    }

                    over "Server_Rack_B3_10"
                    {
                    }
                }

                over "Data_Tray_A4_Seg_5"
                {
                }

                over "clg_man_a_r4_s_Seg_11"
                {
                    over "Port"
                    {
                    }

                    over "Port_f30875"
                    {
                    }
                }

                over "Data_Tray_A4_Seg_20"
                {
                }

                over "Busway_B_B4_Drop_3"
                {
                }

                over "rack_a_r2_02_Return_Hose"
                {
                    over "Port"
                    {
                    }

                    over "Port_4c1a8c"
                    {
                    }
                }

                over "Busway_B_A4_Drop_18"
                {
                }

                over "Busway_A_A1_Drop_8"
                {
                }

                over "Busway_B_B2_Seg_18"
                {
                }

                over "Battery_Room_A"
                {
                    over "AVA_Battery_Room_A"
                    {
                    }

                    over "BAT_A1"
                    {
                    }

                    over "BAT_A3"
                    {
                    }

                    over "BAT_A4"
                    {
                    }

                    over "BAT_A2"
                    {
                    }
                }

                over "col_049"
                {
                }

                over "LV_Cable_UOB_B_PDU_B_A3_Bend_1"
                {
                }

                over "clg_man_a_r3_r_Seg_3"
                {
                    over "Port"
                    {
                    }

                    over "Port_db0de8"
                    {
                    }
                }

                over "Busway_B_B3_Tap_14"
                {
                }

                over "LV_Cable_UOB_B_PDU_B_A3_Seg_1"
                {
                }

                over "Data_Tray_A2_Drop_3"
                {
                }

                over "rt_clg_chp_1_r_Elbow"
                {
                }

                over "Data_Tray_B1_Seg_20"
                {
                }

                over "Busway_A_A1_Drop_19"
                {
                }

                over "clg_man_a_r3_r_Seg_7"
                {
                    over "Port"
                    {
                    }

                    over "Port_8034fa"
                    {
                    }
                }

                over "Busway_A_B3_Tap_7"
                {
                }

                over "Busway_A_A3_Tap_5"
                {
                }

                over "rt_clg_cdu_a1_pri_r_Seg_1"
                {
                    over "Port"
                    {
                    }

                    over "Port_9bc4ee"
                    {
                    }
                }

                over "clg_man_a_r1_r_Tap_15"
                {
                }

                over "door_corr_e"
                {
                }

                over "Busway_B_B2_Drop_4"
                {
                }

                over "rt_clg_fws_yard_r_Tap_clg_drc_3"
                {
                }

                over "Busway_B_B3_Tap_5"
                {
                }

                over "Busway_A_A2_Seg_2"
                {
                }

                over "Corridor_Centre"
                {
                    over "sec_cam_door_hall_b_w"
                    {
                    }

                    over "sec_cam_corr_corr_c_2"
                    {
                    }

                    over "Iris_Scanner_door_hall_b_w"
                    {
                    }

                    over "Iris_Scanner_door_hall_a_e"
                    {
                    }

                    over "sec_cam_door_hall_a_e"
                    {
                    }

                    over "sec_cam_corr_corr_c_1"
                    {
                    }
                }

                over "Busway_A_B3_Drop_8"
                {
                }

                over "clg_man_a_r3_r_Bend_20"
                {
                }

                over "Busway_A_B1_Drop_2"
                {
                }

                over "Busway_B_A1_Drop_12"
                {
                }

                over "Busway_A_B4_Seg_10"
                {
                }

                over "clg_man_a_r1_r_Seg_13"
                {
                    over "Port"
                    {
                    }

                    over "Port_720e22"
                    {
                    }
                }

                over "door_stair_0"
                {
                }

                over "Data_Tray_B1_Seg_3"
                {
                }

                over "clg_man_a_r2_s_Tap_5"
                {
                }

                over "Data_Tray_A4_Branch_1"
                {
                }

                over "col_021"
                {
                }

                over "LV_Cable_MCC_B_clg_ch_2_Seg_2"
                {
                }

                over "wall_l0_v_063"
                {
                }

                over "rt_clg_chw_hdr_w_s_Seg_1"
                {
                    over "Port"
                    {
                    }

                    over "Port_ef0e87"
                    {
                    }
                }

                over "Busway_B_A4_Drop_14"
                {
                }

                over "wall_l0_h_033"
                {
                }

                over "rack_a_r4_04_Return_Hose"
                {
                    over "Port"
                    {
                    }

                    over "Port_bebb50"
                    {
                    }
                }

                over "rt_clg_fws_yard_r_Seg_1"
                {
                    over "Port"
                    {
                    }

                    over "Port_656dc2"
                    {
                    }
                }

                over "rt_clg_fws_main_r_Seg_12"
                {
                    over "Port"
                    {
                    }

                    over "Port_90e4af"
                    {
                    }
                }

                over "wall_l0_h_039"
                {
                }

                over "Busway_B_A1_Seg_16"
                {
                }

                over "rack_a_r4_06_Return_Hose"
                {
                    over "Port"
                    {
                    }

                    over "Port_63ae39"
                    {
                    }
                }

                over "Busway_B_B2_Seg_19"
                {
                }

                over "Busway_B_A1_Drop_5"
                {
                }

                over "Data_Tray_B3_Seg_18"
                {
                }

                over "Ring_Beam_W"
                {
                }

                over "door_noc"
                {
                }

                over "Meet_Me_Room_2"
                {
                    over "MMR_2_Rack_1"
                    {
                    }

                    over "MMR_2_Rack_2"
                    {
                    }

                    over "MMR_2_Rack_3"
                    {
                    }

                    over "AVA_Meet_Me_Room_2"
                    {
                    }

                    over "MMR_2_Rack_4"
                    {
                    }
                }

                over "Busway_A_A3_Seg_15"
                {
                }

                over "clg_man_a_r3_s_Seg_13"
                {
                    over "Port"
                    {
                    }

                    over "Port_9433c8"
                    {
                    }
                }

                over "Busway_A_B3_Seg_8"
                {
                }

                over "Busway_A_B4_Tap_12"
                {
                }

                over "Busway_A_A3_Drop_5"
                {
                }

                over "rack_a_r2_04_Supply_Hose"
                {
                    over "Port"
                    {
                    }

                    over "Port_74143a"
                    {
                    }
                }

                over "Data_Tray_B3_Drop_5"
                {
                }

                over "Busway_A_A2_Drop_19"
                {
                }

                over "DC_Cable_BAT_A2_UPS_A2_Seg_1"
                {
                }

                over "Busway_A_B4_Drop_15"
                {
                }

                over "LV_Cable_UPS_B1_UOB_B_Seg_1"
                {
                }

                over "Corridor_East"
                {
                    over "sec_cam_corr_corr_e_2"
                    {
                    }

                    over "Iris_Scanner_door_hall_b_e"
                    {
                    }

                    over "sec_cam_corr_corr_e_1"
                    {
                    }

                    over "sec_cam_door_hall_b_e"
                    {
                    }
                }

                over "Data_Tray_A1_Seg_9"
                {
                }

                over "LV_Cable_MCC_B_clg_drc_3_Seg_2"
                {
                }

                over "rack_a_r3_09_Supply_Hose"
                {
                    over "Port"
                    {
                    }

                    over "Port_b728e6"
                    {
                    }
                }

                over "Data_Tray_A1_Seg_15"
                {
                }

                over "clg_man_a_r1_r_Tap_11"
                {
                }

                over "Busway_B_A3_Tap_9"
                {
                }

                over "clg_man_a_r3_r_Tap_12"
                {
                }

                over "wall_l0_v_069"
                {
                }

                over "wall_l0_h_022"
                {
                }

                over "Busway_A_B4_Tap_2"
                {
                }

                over "Busway_A_B4_Tap_14"
                {
                }

                over "Data_Tray_B4_Drop_8"
                {
                }

                over "clg_man_a_r3_r_Seg_19"
                {
                    over "Port"
                    {
                    }

                    over "Port_e53f77"
                    {
                    }
                }

                over "rt_clg_tcs_hdr_s_Tap_clg_cdu_a3"
                {
                }

                over "col_039"
                {
                }

                over "Busway_B_B3_Tap_3"
                {
                }

                over "rack_a_r3_20_Supply_Hose"
                {
                    over "Port"
                    {
                    }

                    over "Port_a69b35"
                    {
                    }
                }

                over "Busway_A_A1_Tap_2"
                {
                }

                over "clg_man_a_r2_s_Tap_8"
                {
                }

                over "Busway_B_A2_Seg_3"
                {
                }

                over "Data_Tray_A3_Seg_20"
                {
                }

                over "Data_Tray_B1_Seg_14"
                {
                }

                over "clg_man_a_r3_r_Seg_2"
                {
                    over "Port"
                    {
                    }

                    over "Port_3a17dd"
                    {
                    }
                }

                over "Data_Tray_A1_Drop_5"
                {
                }

                over "clg_man_a_r3_r_Tap_15"
                {
                }

                over "wall_l0_v_048"
                {
                }

                over "Data_Tray_A2_Drop_11"
                {
                }

                over "wall_l0_v_043"
                {
                }

                over "clg_man_a_r3_s_Tap_5"
                {
                }

                over "Busway_A_B3_Tap_19"
                {
                }

                over "Busway_A_B2_Drop_9"
                {
                }

                over "Data_Tray_A1_Drop_15"
                {
                }

                over "Busway_B_B4_Tap_13"
                {
                }

                over "Busway_B_B2_Seg_5"
                {
                }

                over "LV_Cable_TX_B_MSB_B_Seg_1"
                {
                }

                over "rt_clg_chw_main_s_Seg_4"
                {
                    over "Port"
                    {
                    }

                    over "Port_efd6fa"
                    {
                    }
                }

                over "Electrical_Room_A"
                {
                    over "MSB_A"
                    {
                    }

                    over "UPS_A3"
                    {
                    }

                    over "UPS_A1"
                    {
                    }

                    over "MCC_A"
                    {
                    }

                    over "AVA_Electrical_Room_A"
                    {
                    }

                    over "UOB_A"
                    {
                    }

                    over "UPS_A4"
                    {
                    }

                    over "HDB_A"
                    {
                    }

                    over "UPS_A2"
                    {
                    }

                    over "RMU_A"
                    {
                    }
                }

                over "Busway_B_A4_Seg_5"
                {
                }

                over "Busway_B_A3_Tap_11"
                {
                }

                over "Corridor_Spine"
                {
                    over "sec_cam_corr_corr_spine_6"
                    {
                    }

                    over "sec_cam_corr_corr_spine_4"
                    {
                    }

                    over "Iris_Scanner_door_elec_b"
                    {
                    }

                    over "sec_cam_door_mmr_2"
                    {
                    }

                    over "Iris_Scanner_door_elec_a"
                    {
                    }

                    over "sec_cam_door_elec_a"
                    {
                    }

                    over "sec_cam_door_elec_b"
                    {
                    }

                    over "Iris_Scanner_door_mmr_2"
                    {
                    }

                    over "sec_cam_corr_corr_spine_2"
                    {
                    }

                    over "sec_cam_corr_corr_spine_3"
                    {
                    }

                    over "Iris_Scanner_door_hall_b_s"
                    {
                    }

                    over "sec_cam_corr_corr_spine_5"
                    {
                    }

                    over "Iris_Scanner_door_hall_a_s"
                    {
                    }

                    over "sec_cam_door_hall_a_s"
                    {
                    }

                    over "sec_cam_door_hall_b_s"
                    {
                    }

                    over "sec_cam_corr_corr_spine_1"
                    {
                    }
                }

                over "LV_Cable_MCC_A_clg_cdu_a2_Seg_1"
                {
                }

                over "Busway_B_B4_Drop_9"
                {
                }

                over "clg_man_a_r2_s_Tap_14"
                {
                }

                over "rt_clg_fws_yard_s_Tap_clg_drc_2"
                {
                }

                over "rack_a_r1_18_Supply_Hose"
                {
                    over "Port"
                    {
                    }

                    over "Port_e51a24"
                    {
                    }
                }

                over "Busway_B_A4_Seg_19"
                {
                }

                over "clg_man_a_r1_s_Tap_10"
                {
                }

                over "clg_crah_b4_Feed_Stub"
                {
                    over "Port"
                    {
                    }

                    over "Port_fe3d77"
                    {
                    }
                }

                over "Busway_A_B4_Drop_19"
                {
                }

                over "Busway_B_A1_Drop_8"
                {
                }

                over "Busway_A_A4_Drop_20"
                {
                }

                over "LV_Cable_GEN_B_MSB_B_Seg_1"
                {
                }

                over "Busway_B_A4_Tap_19"
                {
                }

                over "Data_Tray_B1_Branch_15"
                {
                }

                over "Data_Tray_A2_Drop_15"
                {
                }

                over "col_074"
                {
                }

                over "HV_Cable_UTIL_A_RMU_A_Seg_2"
                {
                }

                over "Busway_A_B4_Drop_13"
                {
                }

                over "wall_l0_v_058"
                {
                }

                over "col_029"
                {
                }

                over "Busway_B_B1_Drop_18"
                {
                }

                over "Data_Tray_B1_Seg_2"
                {
                }

                over "Data_Tray_A1_Drop_10"
                {
                }

                over "Busway_A_A4_Tap_7"
                {
                }

                over "Busway_B_B2_Tap_17"
                {
                }

                over "Data_Tray_B2_Branch_13"
                {
                }

                over "Busway_A_A1_Tap_16"
                {
                }

                over "Data_Tray_B3_Branch_8"
                {
                }

                over "clg_man_a_r4_s_Tap_5"
                {
                }

                over "clg_man_a_r3_s_Seg_6"
                {
                    over "Port"
                    {
                    }

                    over "Port_f783a5"
                    {
                    }
                }

                over "rt_clg_chw_hdr_e_s_Tap_clg_crah_b5"
                {
                }

                over "rt_clg_chw_hdr_w_s_Seg_4"
                {
                    over "Port"
                    {
                    }

                    over "Port_eebdad"
                    {
                    }
                }

                over "Data_Tray_A1_Branch_1"
                {
                }

                over "Busway_B_B3_Tap_18"
                {
                }

                over "clg_man_a_r2_s_Tap_3"
                {
                }

                over "Busway_A_B1_Seg_6"
                {
                }

                over "wall_l0_v_053"
                {
                }

                over "Busway_A_B3_Drop_14"
                {
                }

                over "Data_Tray_B4_Drop_4"
                {
                }

                over "Busway_B_A4_Drop_13"
                {
                }

                over "rt_clg_chw_main_s_Bend_1"
                {
                }

                over "Busway_A_A2_Seg_16"
                {
                }

                over "LV_Cable_UOB_A_PDU_A_A2_Bend_1"
                {
                }

                over "rack_a_r2_17_Return_Hose"
                {
                    over "Port"
                    {
                    }

                    over "Port_97ac90"
                    {
                    }
                }

                over "Busway_B_A3_Seg_17"
                {
                }

                over "Busway_A_B4_Tap_6"
                {
                }

                over "Busway_B_A1_Drop_20"
                {
                }

                over "Busway_B_A3_Drop_8"
                {
                }

                over "Data_Tray_B3_Drop_15"
                {
                }

                over "Busway_B_B2_Tap_4"
                {
                }

                over "rack_a_r2_13_Return_Hose"
                {
                    over "Port"
                    {
                    }

                    over "Port_391150"
                    {
                    }
                }

                over "rack_a_r1_05_Supply_Hose"
                {
                    over "Port"
                    {
                    }

                    over "Port_8e57ce"
                    {
                    }
                }

                over "Busway_B_B1_Seg_6"
                {
                }

                over "clg_man_a_r2_s_Seg_7"
                {
                    over "Port"
                    {
                    }

                    over "Port_d6b234"
                    {
                    }
                }

                over "col_064"
                {
                }

                over "clg_man_a_r3_s_Tap_9"
                {
                }

                over "rt_clg_chw_hdr_e_s_Seg_1"
                {
                    over "Port"
                    {
                    }

                    over "Port_679af0"
                    {
                    }
                }

                over "clg_man_a_r4_r_Seg_15"
                {
                    over "Port"
                    {
                    }

                    over "Port_36551a"
                    {
                    }
                }

                over "rt_clg_chw_main_r_Bend_1"
                {
                }

                over "clg_man_a_r2_r_Seg_18"
                {
                    over "Port"
                    {
                    }

                    over "Port_e5467c"
                    {
                    }
                }

                over "rt_clg_fwp_2_s_Elbow"
                {
                }

                over "Busway_B_B1_Drop_1"
                {
                }

                over "clg_man_a_r1_s_Tap_3"
                {
                }

                over "LV_Cable_MCC_B_clg_drc_4_Seg_1"
                {
                }

                over "Data_Tray_A4_Branch_9"
                {
                }

                over "clg_man_a_r4_s_Seg_14"
                {
                    over "Port"
                    {
                    }

                    over "Port_c1b232"
                    {
                    }
                }

                over "wall_l0_v_047"
                {
                }

                over "Busway_B_A4_Tap_15"
                {
                }

                over "Data_Tray_B3_Branch_14"
                {
                }

                over "clg_man_a_r3_s_Seg_16"
                {
                    over "Port"
                    {
                    }

                    over "Port_762704"
                    {
                    }
                }

                over "rt_clg_fws_main_r_Tap_clg_fwp_1"
                {
                }

                over "Corridor_South"
                {
                    over "sec_cam_corr_corr_s_1"
                    {
                    }

                    over "sec_cam_door_office_link"
                    {
                    }

                    over "sec_cam_corr_corr_s_2"
                    {
                    }

                    over "Iris_Scanner_door_office_link"
                    {
                    }

                    over "sec_cam_door_mmr_1"
                    {
                    }

                    over "Iris_Scanner_door_mmr_1"
                    {
                    }
                }

                over "Busway_A_A2_Drop_11"
                {
                }

                over "Data_Tray_B3_Seg_3"
                {
                }

                over "Data_Tray_A4_Branch_2"
                {
                }

                over "Data_Tray_A3_Drop_10"
                {
                }

                over "Data_Tray_A1_Seg_20"
                {
                }

                over "Busway_B_B1_Tap_10"
                {
                }

                over "LV_Cable_UPS_A4_UOB_A_Bend_1"
                {
                }

                over "Busway_A_B4_Tap_10"
                {
                }

                over "Busway_B_B2_Drop_10"
                {
                }

                over "rack_a_r1_18_Return_Hose"
                {
                    over "Port"
                    {
                    }

                    over "Port_e73bab"
                    {
                    }
                }

                over "Data_Tray_B2_Branch_1"
                {
                }

                over "clg_man_a_r2_s_Seg_6"
                {
                    over "Port"
                    {
                    }

                    over "Port_c7fca2"
                    {
                    }
                }

                over "Busway_A_A4_Tap_11"
                {
                }

                over "Data_Tray_B1_Branch_16"
                {
                }

                over "col_077"
                {
                }

                over "clg_man_a_r4_r_Tap_2"
                {
                }

                over "clg_man_a_r1_r_Seg_17"
                {
                    over "Port"
                    {
                    }

                    over "Port_8e6bbb"
                    {
                    }
                }

                over "Busway_A_A4_Drop_1"
                {
                }

                over "Busway_A_B3_Tap_6"
                {
                }

                over "clg_man_a_r2_s_Seg_17"
                {
                    over "Port"
                    {
                    }

                    over "Port_e87127"
                    {
                    }
                }

                over "Busway_B_B4_Drop_6"
                {
                }

                over "rack_a_r3_17_Supply_Hose"
                {
                    over "Port"
                    {
                    }

                    over "Port_b99cc4"
                    {
                    }
                }

                over "LV_Cable_MCC_B_clg_chp_2_Seg_2"
                {
                }

                over "clg_man_a_r2_s_Tap_2"
                {
                }

                over "Busway_B_A4_Seg_8"
                {
                }

                over "Busway_A_A3_Seg_20"
                {
                }

                over "Busway_B_B2_Tap_9"
                {
                }

                over "rt_clg_chw_main_r_Seg_2"
                {
                    over "Port"
                    {
                    }

                    over "Port_a24af5"
                    {
                    }
                }

                over "LV_Cable_MSB_A_UPS_A1_Bend_1"
                {
                }

                over "LV_Cable_UOB_B_PDU_B_A3_Bend_2"
                {
                }

                over "col_063"
                {
                }

                over "Busway_A_B3_Tap_12"
                {
                }

                over "rt_clg_fws_main_s_Tap_clg_cdu_a3"
                {
                }

                over "Busway_B_B2_Seg_11"
                {
                }

                over "Data_Tray_B3_Branch_2"
                {
                }

                over "Busway_B_B3_Tap_20"
                {
                }

                over "Busway_A_A2_Seg_4"
                {
                }

                over "Busway_B_B1_Drop_20"
                {
                }

                over "rack_a_r4_13_Supply_Hose"
                {
                    over "Port"
                    {
                    }

                    over "Port_7260c0"
                    {
                    }
                }

                over "Busway_A_B2_Seg_13"
                {
                }

                over "Data_Tray_A4_Seg_2"
                {
                }

                over "rt_clg_fws_yard_s_Seg_2"
                {
                    over "Port"
                    {
                    }

                    over "Port_3c4e31"
                    {
                    }
                }

                over "Busway_B_B3_Drop_4"
                {
                }

                over "Data_Tray_B3_Bend_20"
                {
                }

                over "wall_l0_v_064"
                {
                }

                over "rack_a_r3_02_Return_Hose"
                {
                    over "Port"
                    {
                    }

                    over "Port_930e7d"
                    {
                    }
                }

                over "col_004"
                {
                }

                over "rt_clg_cdu_a4_pri_s_Seg_1"
                {
                    over "Port"
                    {
                    }

                    over "Port_d08f3f"
                    {
                    }
                }

                over "clg_man_a_r3_r_Tap_11"
                {
                }

                over "clg_man_a_r4_r_Tap_17"
                {
                }

                over "rt_clg_chw_hdr_w_r_Seg_3"
                {
                    over "Port"
                    {
                    }

                    over "Port_85870c"
                    {
                    }
                }

                over "wall_l0_h_010"
                {
                }

                over "clg_man_a_r4_r_Tap_16"
                {
                }

                over "Busway_B_A2_Tap_12"
                {
                }

                over "LV_Cable_UOB_A_PDU_A_B2_Seg_3"
                {
                }

                over "Busway_B_B3_Seg_8"
                {
                }

                over "rt_clg_chw_main_s_Seg_6"
                {
                    over "Port"
                    {
                    }

                    over "Port_7ff795"
                    {
                    }
                }

                over "Busway_B_B4_Seg_20"
                {
                }

                over "Data_Tray_B3_Branch_11"
                {
                }

                over "Busway_B_A4_Tap_1"
                {
                }

                over "LV_Cable_MCC_A_clg_cdu_a1_Seg_1"
                {
                }

                over "Busway_B_A3_Tap_8"
                {
                }

                over "Busway_B_B1_Tap_17"
                {
                }

                over "wall_l0_h_008"
                {
                }

                over "Meet_Me_Room_1"
                {
                    over "MMR_1_Rack_4"
                    {
                    }

                    over "MMR_1_Rack_3"
                    {
                    }

                    over "AVA_Meet_Me_Room_1"
                    {
                    }

                    over "MMR_1_Rack_2"
                    {
                    }

                    over "MMR_1_Rack_1"
                    {
                    }
                }

                over "Busway_A_B4_Tap_13"
                {
                }

                over "Busway_A_A4_Seg_12"
                {
                }

                over "LV_Cable_MCC_A_clg_fwp_1_Bend_1"
                {
                }

                over "Loading_Storage"
                {
                    over "AVA_Loading_Storage"
                    {
                    }
                }

                over "clg_man_a_r1_s_Seg_15"
                {
                    over "Port"
                    {
                    }

                    over "Port_f506c3"
                    {
                    }
                }

                over "Electrical_Room_B"
                {
                    over "UPS_B1"
                    {
                    }

                    over "UOB_B"
                    {
                    }

                    over "MSB_B"
                    {
                    }

                    over "UPS_B3"
                    {
                    }

                    over "UPS_B2"
                    {
                    }

                    over "MCC_B"
                    {
                    }

                    over "HDB_B"
                    {
                    }

                    over "UPS_B4"
                    {
                    }

                    over "AVA_Electrical_Room_B"
                    {
                    }

                    over "RMU_B"
                    {
                    }
                }

                over "clg_man_a_r3_s_Tap_10"
                {
                }

                over "rt_clg_chp_2_r_Riser"
                {
                    over "Port"
                    {
                    }

                    over "Port_8d14d1"
                    {
                    }
                }

                over "clg_man_a_r3_r_Tap_14"
                {
                }

                over "clg_man_a_r3_r_Seg_9"
                {
                    over "Port"
                    {
                    }

                    over "Port_95dad2"
                    {
                    }
                }

                over "Busway_B_A1_Drop_15"
                {
                }

                over "rt_clg_chw_main_r_Tap_clg_ch_1"
                {
                }

                over "clg_man_a_r2_r_Seg_6"
                {
                    over "Port"
                    {
                    }

                    over "Port_f3817f"
                    {
                    }
                }

                over "Data_Tray_A2_Seg_8"
                {
                }

                over "Busway_A_A2_Seg_12"
                {
                }

                over "Data_Tray_B2_Seg_7"
                {
                }

                over "Busway_A_B1_Tap_11"
                {
                }

                over "clg_man_a_r3_r_Seg_6"
                {
                    over "Port"
                    {
                    }

                    over "Port_a77b88"
                    {
                    }
                }

                over "Busway_A_A2_Drop_14"
                {
                }

                over "Data_Tray_A3_Drop_2"
                {
                }

                over "clg_man_a_r4_s_Tap_15"
                {
                }

                over "Busway_B_B3_Drop_14"
                {
                }

                over "Busway_A_A4_Drop_14"
                {
                }

                over "Busway_A_A4_Tap_19"
                {
                }

                over "Busway_A_A3_Drop_1"
                {
                }

                over "Busway_A_B2_Tap_13"
                {
                }

                over "rack_a_r3_03_Return_Hose"
                {
                    over "Port"
                    {
                    }

                    over "Port_e838c9"
                    {
                    }
                }

                over "Data_Spine_A_Seg_2"
                {
                }

                over "LV_Cable_UOB_A_PDU_A_B3_Seg_1"
                {
                }

                over "rack_a_r4_07_Return_Hose"
                {
                    over "Port"
                    {
                    }

                    over "Port_719cad"
                    {
                    }
                }

                over "Busway_A_A4_Seg_7"
                {
                }

                over "Busway_B_A4_Drop_10"
                {
                }

                over "rack_a_r2_05_Return_Hose"
                {
                    over "Port"
                    {
                    }

                    over "Port_e77a0a"
                    {
                    }
                }

                over "wall_l0_h_017"
                {
                }

                over "Busway_B_B1_Drop_19"
                {
                }

                over "rt_clg_cdu_a4_sec_s_Seg_1"
                {
                    over "Port"
                    {
                    }

                    over "Port_9268a2"
                    {
                    }
                }

                over "clg_man_a_r4_r_Seg_6"
                {
                    over "Port"
                    {
                    }

                    over "Port_aad4cd"
                    {
                    }
                }

                over "Data_Tray_B4_Drop_20"
                {
                }

                over "Busway_A_B2_Tap_3"
                {
                }

                over "LV_Cable_UOB_B_PDU_B_A2_Seg_3"
                {
                }

                over "wall_l0_h_036"
                {
                }

                over "LV_Cable_MSB_B_UPS_B4_Bend_1"
                {
                }

                over "Data_Tray_A1_Branch_15"
                {
                }

                over "Busway_A_B1_Seg_3"
                {
                }

                over "clg_man_a_r3_s_Seg_18"
                {
                    over "Port"
                    {
                    }

                    over "Port_d56f97"
                    {
                    }
                }

                over "Busway_B_B3_Drop_8"
                {
                }

                over "Busway_A_A2_Drop_10"
                {
                }

                over "Data_Tray_B1_Branch_10"
                {
                }

                over "rack_a_r3_16_Return_Hose"
                {
                    over "Port"
                    {
                    }

                    over "Port_922c67"
                    {
                    }
                }

                over "rt_clg_man_a_r2_feed_s_Seg_1"
                {
                    over "Port"
                    {
                    }

                    over "Port_b6a866"
                    {
                    }
                }

                over "rack_a_r2_04_Return_Hose"
                {
                    over "Port"
                    {
                    }

                    over "Port_fdc7cd"
                    {
                    }
                }

                over "Data_Tray_B4_Seg_6"
                {
                }

                over "Busway_A_A1_Seg_17"
                {
                }

                over "col_026"
                {
                }

                over "col_051"
                {
                }

                over "Busway_B_A4_Drop_6"
                {
                }

                over "LV_Cable_MCC_A_clg_crah_b1_Seg_1"
                {
                }

                over "Busway_B_B4_Tap_5"
                {
                }

                over "Busway_A_B3_Drop_13"
                {
                }

                over "Data_Tray_B2_Branch_19"
                {
                }

                over "Busway_A_A4_Seg_9"
                {
                }

                over "Busway_A_B1_Seg_17"
                {
                }

                over "rack_a_r3_06_Return_Hose"
                {
                    over "Port"
                    {
                    }

                    over "Port_c56322"
                    {
                    }
                }

                over "LV_Cable_UOB_B_PDU_B_B1_Seg_1"
                {
                }

                over "Busway_A_B1_Seg_9"
                {
                }

                over "clg_man_a_r4_r_Seg_13"
                {
                    over "Port"
                    {
                    }

                    over "Port_d8b02d"
                    {
                    }
                }

                over "Busway_A_B1_Tap_17"
                {
                }

                over "rack_a_r3_18_Return_Hose"
                {
                    over "Port"
                    {
                    }

                    over "Port_86fa7d"
                    {
                    }
                }

                over "rt_clg_fws_main_r_Seg_8"
                {
                    over "Port"
                    {
                    }

                    over "Port_d50a10"
                    {
                    }
                }

                over "Busway_B_A3_Seg_10"
                {
                }

                over "door_corr_c"
                {
                }

                over "col_008"
                {
                }

                over "wall_l0_v_065"
                {
                }

                over "rt_clg_cdu_a1_pri_s_Seg_1"
                {
                    over "Port"
                    {
                    }

                    over "Port_369dba"
                    {
                    }
                }

                over "LV_Cable_UPS_A1_UOB_A_Seg_1"
                {
                }

                over "rt_clg_cdu_a4_sec_r_Seg_1"
                {
                    over "Port"
                    {
                    }

                    over "Port_c2b887"
                    {
                    }
                }

                over "Busway_A_B1_Drop_15"
                {
                }

                over "Busway_B_B1_Seg_5"
                {
                }

                over "Busway_A_A1_Tap_18"
                {
                }

                over "Busway_A_B3_Tap_8"
                {
                }

                over "clg_man_a_r2_s_Seg_11"
                {
                    over "Port"
                    {
                    }

                    over "Port_f3f757"
                    {
                    }
                }

                over "Busway_B_B2_Tap_13"
                {
                }

                over "Busway_A_B4_Tap_4"
                {
                }

                over "Busway_A_A3_Drop_19"
                {
                }

                over "Data_Tray_B4_Seg_5"
                {
                }

                over "Busway_B_A2_Drop_5"
                {
                }

                over "rack_a_r4_11_Return_Hose"
                {
                    over "Port"
                    {
                    }

                    over "Port_f949c8"
                    {
                    }
                }

                over "col_013"
                {
                }

                over "Busway_A_B4_Tap_20"
                {
                }

                over "clg_man_a_r1_s_Seg_12"
                {
                    over "Port"
                    {
                    }

                    over "Port_f4712e"
                    {
                    }
                }

                over "clg_man_a_r2_r_Seg_19"
                {
                    over "Port"
                    {
                    }

                    over "Port_c2f5c6"
                    {
                    }
                }

                over "Battery_Room_B"
                {
                    over "BAT_B3"
                    {
                    }

                    over "BAT_B4"
                    {
                    }

                    over "BAT_B2"
                    {
                    }

                    over "BAT_B1"
                    {
                    }

                    over "AVA_Battery_Room_B"
                    {
                    }
                }

                over "Data_Tray_B2_Seg_19"
                {
                }

                over "Busway_A_B2_Drop_10"
                {
                }

                over "clg_man_a_r3_r_Tap_6"
                {
                }

                over "Data_Tray_B2_Drop_18"
                {
                }

                over "Busway_A_A2_Drop_7"
                {
                }

                over "clg_man_a_r2_r_Tap_18"
                {
                }

                over "Busway_A_A3_Seg_10"
                {
                }

                over "Busway_A_A4_Drop_19"
                {
                }

                over "clg_man_a_r3_r_Tap_7"
                {
                }

                over "Data_Tray_A1_Seg_10"
                {
                }

                over "rt_clg_fws_yard_s_Seg_1"
                {
                    over "Port"
                    {
                    }

                    over "Port_c57dda"
                    {
                    }
                }

                over "rt_clg_tcs_hdr_s_Seg_2"
                {
                    over "Port"
                    {
                    }

                    over "Port_caa047"
                    {
                    }
                }

                over "Busway_B_B2_Seg_2"
                {
                }

                over "rt_clg_fws_yard_r_Seg_2"
                {
                    over "Port"
                    {
                    }

                    over "Port_e139a5"
                    {
                    }
                }

                over "Busway_A_A1_Drop_18"
                {
                }

                over "rt_clg_fws_main_r_Seg_10"
                {
                    over "Port"
                    {
                    }

                    over "Port_f0bc46"
                    {
                    }
                }

                over "LV_Cable_MCC_B_clg_crah_b6_Seg_1"
                {
                }

                over "Busway_A_B3_Tap_10"
                {
                }

                over "Busway_B_A1_Seg_12"
                {
                }

                over "rt_clg_chw_main_r_Seg_7"
                {
                    over "Port"
                    {
                    }

                    over "Port_b2e934"
                    {
                    }
                }

                over "Busway_A_B1_Tap_1"
                {
                }

                over "Data_Tray_A1_Seg_4"
                {
                }

                over "clg_man_a_r2_r_Seg_14"
                {
                    over "Port"
                    {
                    }

                    over "Port_85b1fb"
                    {
                    }
                }

                over "Busway_A_B4_Seg_2"
                {
                }

                over "Busway_A_B2_Tap_1"
                {
                }

                over "LV_Cable_UOB_A_PDU_A_B2_Bend_2"
                {
                }

                over "Office_Comms_Room"
                {
                    over "Office_Comms_Rack_2"
                    {
                    }

                    over "Office_Comms_Rack_1"
                    {
                    }
                }

                over "Busway_B_A4_Tap_18"
                {
                }

                over "Busway_B_A4_Seg_2"
                {
                }

                over "Data_Tray_B2_Branch_10"
                {
                }

                over "Busway_A_B4_Seg_8"
                {
                }

                over "rt_clg_fws_main_s_Seg_5"
                {
                    over "Port"
                    {
                    }

                    over "Port_f9744c"
                    {
                    }
                }

                over "rt_clg_fws_main_r_Seg_6"
                {
                    over "Port"
                    {
                    }

                    over "Port_2dfa09"
                    {
                    }
                }

                over "Data_Tray_A4_Branch_3"
                {
                }

                over "rt_clg_chw_hdr_w_r_Seg_1"
                {
                    over "Port"
                    {
                    }

                    over "Port_f76a70"
                    {
                    }
                }

                over "Busway_A_B2_Seg_12"
                {
                }

                over "Busway_A_A1_Drop_11"
                {
                }

                over "Busway_B_B3_Tap_10"
                {
                }

                over "Busway_B_A4_Tap_11"
                {
                }

                over "Busway_B_B4_Seg_18"
                {
                }

                over "Busway_A_A3_Drop_2"
                {
                }

                over "Busway_A_B1_Drop_12"
                {
                }

                over "clg_man_a_r4_s_Seg_5"
                {
                    over "Port"
                    {
                    }

                    over "Port_7a7eb3"
                    {
                    }
                }

                over "LV_Cable_MCC_A_clg_crah_b3_Seg_2"
                {
                }

                over "Busway_B_B2_Tap_7"
                {
                }

                over "rack_a_r2_18_Supply_Hose"
                {
                    over "Port"
                    {
                    }

                    over "Port_e4e536"
                    {
                    }
                }

                over "rack_a_r3_15_Return_Hose"
                {
                    over "Port"
                    {
                    }

                    over "Port_6074ed"
                    {
                    }
                }

                over "rt_clg_chw_main_r_Seg_3"
                {
                    over "Port"
                    {
                    }

                    over "Port_92004a"
                    {
                    }
                }

                over "Busway_B_A3_Drop_13"
                {
                }

                over "Data_Tray_B4_Drop_2"
                {
                }

                over "Busway_B_B1_Drop_15"
                {
                }

                over "Data_Tray_B4_Branch_1"
                {
                }

                over "clg_man_a_r4_r_Tap_13"
                {
                }

                over "Busway_A_B3_Drop_1"
                {
                }

                over "Busway_B_A3_Tap_19"
                {
                }

                over "clg_man_a_r4_r_Tap_4"
                {
                }

                over "Data_Tray_B4_Seg_18"
                {
                }

                over "Data_Tray_A2_Seg_1"
                {
                }

                over "Data_Tray_A3_Drop_13"
                {
                }

                over "col_011"
                {
                }

                over "clg_man_a_r4_s_Tap_3"
                {
                }

                over "Data_Tray_B1_Seg_16"
                {
                }

                over "Busway_A_A4_Seg_20"
                {
                }

                over "Busway_B_A1_Tap_10"
                {
                }

                over "Busway_A_A2_Drop_5"
                {
                }

                over "clg_man_a_r2_s_Tap_1"
                {
                }

                over "Busway_A_A1_Drop_14"
                {
                }

                over "Busway_A_A3_Seg_3"
                {
                }

                over "Busway_A_A4_Seg_18"
                {
                }

                over "Busway_A_B2_Tap_7"
                {
                }

                over "Busway_B_B2_Drop_5"
                {
                }

                over "rack_a_r3_13_Supply_Hose"
                {
                    over "Port"
                    {
                    }

                    over "Port_da69de"
                    {
                    }
                }

                over "Data_Tray_B2_Drop_19"
                {
                }

                over "rack_a_r1_13_Return_Hose"
                {
                    over "Port"
                    {
                    }

                    over "Port_25293b"
                    {
                    }
                }

                over "clg_man_a_r1_r_Seg_20"
                {
                    over "Port"
                    {
                    }

                    over "Port_90c5f2"
                    {
                    }
                }

                over "LV_Cable_UOB_A_PDU_A_A3_Bend_1"
                {
                }

                over "LV_Cable_MCC_B_clg_crah_b6_Seg_2"
                {
                }

                over "Data_Tray_A2_Seg_10"
                {
                }

                over "Busway_A_B4_Drop_3"
                {
                }

                over "rack_a_r2_14_Supply_Hose"
                {
                    over "Port"
                    {
                    }

                    over "Port_a3f42a"
                    {
                    }
                }

                over "clg_man_a_r2_s_Seg_18"
                {
                    over "Port"
                    {
                    }

                    over "Port_e6c62e"
                    {
                    }
                }

                over "Busway_B_B3_Seg_13"
                {
                }

                over "Busway_A_B3_Drop_5"
                {
                }

                over "LV_Cable_MCC_B_clg_ch_2_Seg_1"
                {
                }

                over "rack_a_r4_03_Supply_Hose"
                {
                    over "Port"
                    {
                    }

                    over "Port_a3fe72"
                    {
                    }
                }

                over "clg_man_a_r4_r_Tap_15"
                {
                }

                over "Data_Tray_B2_Drop_16"
                {
                }

                over "Busway_A_A3_Tap_14"
                {
                }

                over "Busway_A_B1_Tap_16"
                {
                }

                over "clg_man_a_r4_s_Tap_1"
                {
                }

                over "rt_clg_chw_hdr_w_r_Tap_clg_crah_b3"
                {
                }

                over "Busway_A_A3_Seg_16"
                {
                }

                over "Busway_A_A3_Tap_2"
                {
                }

                over "clg_man_a_r2_s_Seg_13"
                {
                    over "Port"
                    {
                    }

                    over "Port_5d16ae"
                    {
                    }
                }

                over "clg_man_a_r4_r_Tap_7"
                {
                }

                over "Data_Tray_A1_Drop_7"
                {
                }

                over "Busway_B_B4_Tap_18"
                {
                }

                over "Data_Tray_B4_Branch_17"
                {
                }

                over "Busway_A_B2_Drop_3"
                {
                }

                over "Data_Tray_B4_Branch_19"
                {
                }

                over "Busway_A_B3_Drop_4"
                {
                }

                over "Data_Tray_A1_Drop_12"
                {
                }

                over "wall_l0_v_040"
                {
                }

                over "Data_Tray_A1_Drop_1"
                {
                }

                over "rack_a_r4_14_Return_Hose"
                {
                    over "Port"
                    {
                    }

                    over "Port_e7e8c4"
                    {
                    }
                }

                over "door_loading"
                {
                }

                over "Data_Tray_B4_Seg_17"
                {
                }

                over "rack_a_r1_19_Supply_Hose"
                {
                    over "Port"
                    {
                    }

                    over "Port_d72ab9"
                    {
                    }
                }

                over "Data_Tray_B2_Branch_7"
                {
                }

                over "Data_Tray_A4_Branch_5"
                {
                }

                over "clg_ch_1_Feed_Stub"
                {
                    over "Port"
                    {
                    }

                    over "Port_75da9d"
                    {
                    }
                }

                over "Busway_B_A2_Drop_7"
                {
                }

                over "Data_Tray_A3_Branch_18"
                {
                }

                over "Busway_B_B2_Drop_18"
                {
                }

                over "Data_Tray_A1_Seg_5"
                {
                }

                over "Busway_B_B1_Tap_1"
                {
                }

                over "Busway_B_B3_Seg_4"
                {
                }

                over "Data_Tray_A3_Drop_14"
                {
                }

                over "rt_clg_chw_hdr_w_r_Tap_clg_crah_b2"
                {
                }

                over "HV_Cable_UTIL_B_RMU_B_Bend_1"
                {
                }

                over "Busway_B_B2_Tap_15"
                {
                }

                over "Busway_B_B1_Drop_9"
                {
                }

                over "Busway_A_A3_Tap_19"
                {
                }

                over "rt_clg_fws_main_s_Seg_8"
                {
                    over "Port"
                    {
                    }

                    over "Port_9a30c1"
                    {
                    }
                }

                over "Busway_B_B2_Seg_16"
                {
                }

                over "clg_man_a_r1_s_Tap_1"
                {
                }

                over "LV_Cable_UPS_A4_UOB_A_Seg_1"
                {
                }

                over "Cooling_Plant_Room"
                {
                    over "AHU_1"
                    {
                    }

                    over "CH_2"
                    {
                    }

                    over "CHP_2"
                    {
                    }

                    over "FWP_1"
                    {
                    }

                    over "CHP_3"
                    {
                    }

                    over "DOS_1"
                    {
                    }

                    over "FWP_3"
                    {
                    }

                    over "CHP_1"
                    {
                    }

                    over "BT_1"
                    {
                    }

                    over "CH_1"
                    {
                    }

                    over "FWP_2"
                    {
                    }

                    over "AVA_Cooling_Plant_Room"
                    {
                    }

                    over "HX_1"
                    {
                    }
                }

                over "Busway_A_A1_Tap_8"
                {
                }

                over "Data_Tray_A1_Seg_17"
                {
                }

                over "col_054"
                {
                }

                over "LV_Cable_MCC_A_clg_crah_b3_Bend_1"
                {
                }

                over "Busway_A_B2_Tap_16"
                {
                }

                over "HV_Cable_UTIL_B_RMU_B_Seg_2"
                {
                }

                over "rt_clg_chw_main_r_Tap_clg_chp_1"
                {
                }

                over "rt_clg_fwp_3_r_Leg"
                {
                    over "Port"
                    {
                    }

                    over "Port_bf7ca2"
                    {
                    }
                }

                over "clg_man_a_r4_r_Seg_2"
                {
                    over "Port"
                    {
                    }

                    over "Port_4b014a"
                    {
                    }
                }

                over "Busway_A_B1_Seg_13"
                {
                }

                over "Busway_B_A3_Drop_14"
                {
                }

                over "Busway_B_A4_Tap_16"
                {
                }

                over "Busway_B_A2_Seg_13"
                {
                }

                over "Corridor_West"
                {
                    over "sec_cam_door_hall_a_w"
                    {
                    }

                    over "sec_cam_corr_corr_w_1"
                    {
                    }

                    over "sec_cam_corr_corr_w_2"
                    {
                    }

                    over "Iris_Scanner_door_hall_a_w"
                    {
                    }
                }

                over "rack_a_r4_08_Return_Hose"
                {
                    over "Port"
                    {
                    }

                    over "Port_8d9727"
                    {
                    }
                }

                over "clg_man_a_r2_s_Tap_12"
                {
                }

                over "clg_man_a_r4_s_Tap_2"
                {
                }

                over "rt_clg_fwp_3_s_Elbow"
                {
                }

                over "Busway_A_A4_Drop_5"
                {
                }

                over "LV_Cable_MSB_B_UPS_B4_Seg_1"
                {
                }

                over "Busway_B_B2_Drop_14"
                {
                }

                over "clg_man_a_r1_r_Tap_4"
                {
                }

                over "Data_Tray_B1_Branch_5"
                {
                }

                over "LV_Cable_UOB_A_PDU_A_A4_Bend_1"
                {
                }

                over "LV_Cable_MSB_A_UPS_A3_Bend_1"
                {
                }

                over "Data_Tray_B2_Branch_4"
                {
                }

                over "LV_Cable_UOB_B_PDU_B_B1_Seg_2"
                {
                }

                over "DC_Cable_BAT_B3_UPS_B3_Seg_1"
                {
                }

                over "rt_clg_chw_main_s_Seg_1"
                {
                    over "Port"
                    {
                    }

                    over "Port_962405"
                    {
                    }
                }

                over "wall_l0_v_070"
                {
                }

                over "Data_Tray_A1_Seg_13"
                {
                }

                over "clg_man_a_r1_r_Seg_3"
                {
                    over "Port"
                    {
                    }

                    over "Port_f180c3"
                    {
                    }
                }

                over "rt_clg_chp_1_s_Riser"
                {
                    over "Port"
                    {
                    }

                    over "Port_1415f9"
                    {
                    }
                }

                over "Data_Tray_B4_Branch_9"
                {
                }

                over "Data_Tray_A4_Drop_2"
                {
                }

                over "rt_clg_fws_main_r_Seg_3"
                {
                    over "Port"
                    {
                    }

                    over "Port_eb9057"
                    {
                    }
                }

                over "Busway_B_A3_Seg_8"
                {
                }

                over "clg_man_a_r2_r_Tap_16"
                {
                }

                over "Busway_A_A2_Seg_3"
                {
                }

                over "Busway_A_B2_Seg_8"
                {
                }

                over "Busway_A_B4_Seg_16"
                {
                }

                over "door_hall_b_e"
                {
                }

                over "Data_Tray_A2_Drop_8"
                {
                }

                over "door_batt_a"
                {
                }

                over "rack_a_r2_07_Return_Hose"
                {
                    over "Port"
                    {
                    }

                    over "Port_b8561a"
                    {
                    }
                }

                over "Busway_B_A2_Drop_9"
                {
                }

                over "Busway_A_B1_Tap_7"
                {
                }

                over "Busway_A_B4_Drop_17"
                {
                }

                over "rt_clg_chw_main_s_Tap_clg_ahu_1"
                {
                }

                over "clg_man_a_r3_s_Seg_17"
                {
                    over "Port"
                    {
                    }

                    over "Port_d054d0"
                    {
                    }
                }

                over "LV_Cable_UOB_B_PDU_B_B2_Bend_1"
                {
                }

                over "Busway_B_B1_Seg_13"
                {
                }

                over "Data_Tray_A3_Drop_8"
                {
                }

                over "rack_a_r3_14_Supply_Hose"
                {
                    over "Port"
                    {
                    }

                    over "Port_973d33"
                    {
                    }
                }

                over "Busway_B_A2_Drop_17"
                {
                }

                over "Data_Tray_B3_Drop_17"
                {
                }

                over "LV_Cable_MCC_A_clg_chp_1_Seg_1"
                {
                }

                over "clg_man_a_r2_r_Tap_13"
                {
                }

                over "LV_Cable_UOB_A_PDU_A_A4_Bend_2"
                {
                }

                over "Data_Tray_A1_Seg_11"
                {
                }

                over "Busway_B_A2_Seg_2"
                {
                }

                over "Busway_B_B4_Seg_13"
                {
                }

                over "Busway_B_B3_Seg_17"
                {
                }

                over "Data_Tray_A2_Seg_7"
                {
                }

                over "Busway_B_A1_Seg_4"
                {
                }

                over "Loading_Dock"
                {
                }

                over "rack_a_r2_16_Return_Hose"
                {
                    over "Port"
                    {
                    }

                    over "Port_b44d1c"
                    {
                    }
                }

                over "col_038"
                {
                }

                over "Busway_A_B1_Tap_2"
                {
                }

                over "Busway_A_B1_Tap_6"
                {
                }

                over "Busway_A_A1_Tap_19"
                {
                }

                over "Busway_B_B4_Tap_4"
                {
                }

                over "clg_man_a_r1_s_Tap_13"
                {
                }

                over "Data_Tray_B3_Branch_4"
                {
                }

                over "Busway_B_A1_Seg_20"
                {
                }

                over "Busway_B_A2_Drop_15"
                {
                }

                over "Busway_A_B1_Seg_8"
                {
                }

                over "Busway_A_B1_Tap_12"
                {
                }

                over "Data_Tray_A4_Drop_15"
                {
                }

                over "clg_man_a_r4_s_Seg_8"
                {
                    over "Port"
                    {
                    }

                    over "Port_d55ade"
                    {
                    }
                }

                over "clg_man_a_r2_r_Tap_14"
                {
                }

                over "Busway_A_A4_Drop_9"
                {
                }

                over "rt_clg_fws_main_r_Tap_clg_dos_1"
                {
                }

                over "clg_man_a_r2_r_Seg_7"
                {
                    over "Port"
                    {
                    }

                    over "Port_83ac15"
                    {
                    }
                }

                over "Busway_B_A1_Drop_17"
                {
                }

                over "Data_Tray_B4_Drop_17"
                {
                }

                over "Busway_A_A3_Seg_2"
                {
                }

                over "col_079"
                {
                }

                over "rt_clg_fws_main_s_Tap_clg_dos_1"
                {
                }

                over "LV_Cable_MCC_B_clg_cdu_a4_Seg_2"
                {
                }

                over "Data_Tray_B3_Drop_7"
                {
                }

                over "Busway_B_B1_Seg_1"
                {
                }

                over "Busway_B_A4_Drop_15"
                {
                }

                over "door_security"
                {
                }

                over "rt_clg_chw_main_s_Seg_7"
                {
                    over "Port"
                    {
                    }

                    over "Port_9504c8"
                    {
                    }
                }

                over "Data_Tray_B3_Branch_6"
                {
                }

                over "Data_Tray_A2_Branch_6"
                {
                }

                over "Data_Tray_A3_Seg_11"
                {
                }

                over "Data_Tray_B4_Branch_14"
                {
                }

                over "Busway_A_A2_Drop_1"
                {
                }

                over "Busway_B_A4_Seg_14"
                {
                }

                over "Data_Tray_A3_Seg_16"
                {
                }

                over "rack_a_r3_06_Supply_Hose"
                {
                    over "Port"
                    {
                    }

                    over "Port_c8b54b"
                    {
                    }
                }

                over "Busway_A_B2_Drop_16"
                {
                }

                over "clg_man_a_r3_r_Tap_9"
                {
                }

                over "Busway_B_A3_Seg_12"
                {
                }

                over "rt_clg_fws_main_s_Tap_clg_cdu_a2"
                {
                }

                over "Busway_B_A3_Tap_6"
                {
                }

                over "Busway_A_B1_Drop_18"
                {
                }

                over "Data_Tray_A1_Seg_14"
                {
                }

                over "Busway_A_B3_Drop_12"
                {
                }

                over "Data_Tray_B2_Seg_2"
                {
                }

                over "rack_a_r4_16_Supply_Hose"
                {
                    over "Port"
                    {
                    }

                    over "Port_c21e8e"
                    {
                    }
                }

                over "rack_a_r1_02_Supply_Hose"
                {
                    over "Port"
                    {
                    }

                    over "Port_e2ea2a"
                    {
                    }
                }

                over "Data_Tray_B2_Branch_8"
                {
                }

                over "Fuel_Line_FT_A_GEN_A_Seg_2"
                {
                    over "Port"
                    {
                    }

                    over "Port_fa89f4"
                    {
                    }
                }

                over "rt_clg_fws_main_r_Tap_clg_cdu_a3"
                {
                }

                over "rt_clg_ahu_1_s_Seg_1"
                {
                    over "Port"
                    {
                    }

                    over "Port_6253bf"
                    {
                    }
                }

                over "clg_man_a_r1_r_Seg_1"
                {
                    over "Port"
                    {
                    }

                    over "Port_795d63"
                    {
                    }
                }

                over "Busway_B_B4_Drop_13"
                {
                }

                over "Busway_A_A3_Drop_6"
                {
                }

                over "Busway_B_B4_Tap_6"
                {
                }

                over "rack_a_r1_19_Return_Hose"
                {
                    over "Port"
                    {
                    }

                    over "Port_7be1a2"
                    {
                    }
                }

                over "Data_Tray_A1_Seg_12"
                {
                }

                over "Busway_B_B4_Drop_4"
                {
                }

                over "rt_clg_chp_1_r_Leg"
                {
                    over "Port"
                    {
                    }

                    over "Port_870822"
                    {
                    }
                }

                over "LV_Cable_UOB_B_PDU_B_A1_Seg_2"
                {
                }

                over "Busway_B_B4_Tap_20"
                {
                }

                over "col_058"
                {
                }

                over "rt_clg_cdu_a2_pri_s_Seg_1"
                {
                    over "Port"
                    {
                    }

                    over "Port_2a6310"
                    {
                    }
                }

                over "rt_clg_fws_main_r_Seg_4"
                {
                    over "Port"
                    {
                    }

                    over "Port_5bc8fe"
                    {
                    }
                }

                over "Data_Tray_A2_Seg_6"
                {
                }

                over "LV_Cable_UOB_A_PDU_A_B1_Bend_1"
                {
                }

                over "Data_Tray_A3_Drop_9"
                {
                }

                over "Busway_A_B2_Tap_8"
                {
                }

                over "Data_Tray_B1_Seg_19"
                {
                }

                over "clg_man_a_r2_s_Seg_12"
                {
                    over "Port"
                    {
                    }

                    over "Port_9f9e98"
                    {
                    }
                }

                over "clg_man_a_r3_s_Tap_19"
                {
                }

                over "Busway_A_B3_Seg_12"
                {
                }

                over "Busway_B_A2_Tap_13"
                {
                }

                over "Data_Tray_B2_Branch_5"
                {
                }

                over "Data_Tray_A2_Drop_14"
                {
                }

                over "Data_Tray_B2_Drop_4"
                {
                }

                over "Busway_B_B1_Drop_10"
                {
                }

                over "Busway_B_A3_Drop_12"
                {
                }

                over "Busway_A_A3_Seg_4"
                {
                }

                over "Data_Tray_B1_Seg_1"
                {
                }

                over "Busway_B_A4_Drop_3"
                {
                }

                over "Busway_A_A2_Seg_13"
                {
                }

                over "Busway_A_A2_Drop_12"
                {
                }

                over "rt_clg_tcs_hdr_s_Tap_west"
                {
                }

                over "HV_Cable_UTIL_A_RMU_A_Seg_1"
                {
                }

                over "rack_a_r1_09_Return_Hose"
                {
                    over "Port"
                    {
                    }

                    over "Port_986ede"
                    {
                    }
                }

                over "LV_Cable_UOB_B_PDU_B_A4_Bend_1"
                {
                }

                over "clg_ch_1_Riser_Stub"
                {
                    over "Port"
                    {
                    }

                    over "Port_851233"
                    {
                    }
                }

                over "Data_Tray_A1_Drop_4"
                {
                }

                over "LV_Cable_MCC_B_clg_cdu_a3_Seg_1"
                {
                }

                over "Busway_A_A2_Tap_5"
                {
                }

                over "clg_man_a_r4_r_Tap_5"
                {
                }

                over "Busway_A_B2_Tap_17"
                {
                }

                over "clg_man_a_r3_s_Tap_15"
                {
                }

                over "Busway_B_B1_Drop_2"
                {
                }

                over "Busway_A_A4_Tap_14"
                {
                }

                over "LV_Cable_UOB_A_PDU_A_B4_Seg_1"
                {
                }

                over "Data_Tray_B4_Seg_15"
                {
                }

                over "rack_a_r4_08_Supply_Hose"
                {
                    over "Port"
                    {
                    }

                    over "Port_aa0f63"
                    {
                    }
                }

                over "Electrical_A_Yard_Access"
                {
                }

                over "Data_Tray_B3_Branch_10"
                {
                }

                over "col_069"
                {
                }

                over "Busway_A_A3_Drop_15"
                {
                }

                over "Busway_B_A4_Seg_3"
                {
                }

                over "Data_Tray_A3_Seg_3"
                {
                }

                over "Data_Tray_A3_Drop_5"
                {
                }

                over "Busway_A_A1_Tap_6"
                {
                }

                over "Data_Tray_B2_Branch_18"
                {
                }

                over "clg_man_a_r4_r_Seg_9"
                {
                    over "Port"
                    {
                    }

                    over "Port_c7d510"
                    {
                    }
                }

                over "wall_l0_v_061"
                {
                }

                over "col_005"
                {
                }

                over "LV_Cable_UOB_B_PDU_B_A4_Seg_1"
                {
                }

                over "rack_a_r1_20_Supply_Hose"
                {
                    over "Port"
                    {
                    }

                    over "Port_4e21b5"
                    {
                    }
                }

                over "LV_Cable_UOB_A_PDU_A_B2_Bend_1"
                {
                }

                over "rack_a_r2_15_Return_Hose"
                {
                    over "Port"
                    {
                    }

                    over "Port_5413be"
                    {
                    }
                }

                over "col_062"
                {
                }

                over "Busway_A_B4_Seg_9"
                {
                }

                over "Data_Tray_A3_Branch_6"
                {
                }

                over "Data_Tray_A1_Branch_11"
                {
                }

                over "clg_man_a_r2_s_Seg_8"
                {
                    over "Port"
                    {
                    }

                    over "Port_9cce0e"
                    {
                    }
                }

                over "Data_Tray_B1_Drop_2"
                {
                }

                over "wall_l0_h_009"
                {
                }

                over "LV_Cable_MCC_B_clg_cdu_a3_Seg_2"
                {
                }

                over "Busway_B_A2_Drop_12"
                {
                }

                over "Busway_B_B4_Seg_19"
                {
                }

                over "rt_clg_fwp_3_r_Riser"
                {
                    over "Port"
                    {
                    }

                    over "Port_21e9cd"
                    {
                    }
                }

                over "Data_Tray_A4_Drop_19"
                {
                }

                over "rack_a_r1_06_Return_Hose"
                {
                    over "Port"
                    {
                    }

                    over "Port_815431"
                    {
                    }
                }

                over "Busway_B_B2_Drop_3"
                {
                }

                over "Busway_B_A4_Tap_6"
                {
                }

                over "Data_Tray_A3_Branch_11"
                {
                }

                over "clg_man_a_r4_r_Tap_12"
                {
                }

                over "Data_Tray_B2_Drop_6"
                {
                }

                over "Busway_A_A4_Tap_18"
                {
                }

                over "Busway_A_A1_Tap_13"
                {
                }

                over "rt_clg_chp_3_r_Riser"
                {
                    over "Port"
                    {
                    }

                    over "Port_e1a721"
                    {
                    }
                }

                over "clg_man_a_r3_s_Tap_8"
                {
                }

                over "Data_Tray_A3_Drop_16"
                {
                }

                over "rack_a_r3_02_Supply_Hose"
                {
                    over "Port"
                    {
                    }

                    over "Port_9ba8ec"
                    {
                    }
                }

                over "rt_clg_chp_2_s_Leg"
                {
                    over "Port"
                    {
                    }

                    over "Port_5e97da"
                    {
                    }
                }

                over "Busway_A_B4_Seg_12"
                {
                }

                over "Busway_A_A1_Seg_11"
                {
                }

                over "Busway_A_B3_Drop_18"
                {
                }

                over "clg_man_a_r2_s_Tap_6"
                {
                }

                over "Busway_B_B3_Seg_18"
                {
                }

                over "Data_Tray_B3_Branch_19"
                {
                }

                over "Busway_B_A1_Tap_11"
                {
                }

                over "Busway_A_B3_Tap_13"
                {
                }

                over "col_003"
                {
                }

                over "LV_Cable_UPS_A1_UOB_A_Bend_1"
                {
                }

                over "Busway_B_A1_Drop_18"
                {
                }

                over "rt_clg_chw_main_r_Bend_2"
                {
                }

                over "Busway_B_A3_Drop_7"
                {
                }

                over "Busway_B_A1_Tap_12"
                {
                }

                over "Busway_A_B1_Tap_15"
                {
                }

                over "rack_a_r2_20_Supply_Hose"
                {
                    over "Port"
                    {
                    }

                    over "Port_b6580e"
                    {
                    }
                }

                over "Busway_B_B1_Seg_19"
                {
                }

                over "Busway_B_B4_Seg_16"
                {
                }

                over "col_053"
                {
                }

                over "LV_Cable_MSB_A_HDB_A_Seg_2"
                {
                }

                over "LV_Cable_UPS_B4_UOB_B_Bend_1"
                {
                }

                over "rt_clg_chp_2_s_Elbow"
                {
                }

                over "Data_Tray_B4_Seg_13"
                {
                }

                over "col_047"
                {
                }

                over "Data_Tray_B1_Drop_12"
                {
                }

                over "clg_man_a_r1_r_Bend_20"
                {
                }

                over "Data_Tray_A4_Branch_4"
                {
                }

                over "HV_Cable_RMU_A_TX_A_Bend_1"
                {
                }

                over "Busway_B_B1_Seg_8"
                {
                }

                over "Busway_B_B3_Seg_10"
                {
                }

                over "clg_man_a_r4_s_Tap_6"
                {
                }

                over "rt_clg_drc_2_s_Seg_1"
                {
                    over "Port"
                    {
                    }

                    over "Port_ae266e"
                    {
                    }
                }

                over "Busway_A_B2_Seg_5"
                {
                }

                over "Ring_Beam_E"
                {
                }

                over "Data_Tray_A2_Seg_2"
                {
                }

                over "Busway_B_A3_Tap_16"
                {
                }

                over "Data_Tray_B3_Drop_4"
                {
                }

                over "Busway_B_A2_Drop_3"
                {
                }

                over "LV_Cable_UOB_B_PDU_B_A1_Bend_1"
                {
                }

                over "Data_Tray_A2_Drop_10"
                {
                }

                over "clg_man_a_r1_s_Seg_6"
                {
                    over "Port"
                    {
                    }

                    over "Port_66fa6c"
                    {
                    }
                }

                over "clg_man_a_r1_r_Tap_5"
                {
                }

                over "col_040"
                {
                }

                over "wall_l0_v_052"
                {
                }

                over "Busway_A_A3_Seg_5"
                {
                }

                over "rt_clg_tcs_hdr_s_Seg_3"
                {
                    over "Port"
                    {
                    }

                    over "Port_9aaea1"
                    {
                    }
                }

                over "DC_Cable_BAT_A4_UPS_A4_Seg_1"
                {
                }

                over "wall_l0_h_032"
                {
                }

                over "Busway_A_A3_Drop_16"
                {
                }

                over "clg_man_a_r1_s_Tap_9"
                {
                }

                over "Busway_B_A1_Drop_2"
                {
                }

                over "clg_man_a_r4_s_Tap_10"
                {
                }

                over "clg_man_a_r4_r_Seg_8"
                {
                    over "Port"
                    {
                    }

                    over "Port_d0b7a6"
                    {
                    }
                }

                over "rack_a_r3_10_Supply_Hose"
                {
                    over "Port"
                    {
                    }

                    over "Port_cfb94a"
                    {
                    }
                }

                over "Busway_A_B1_Tap_4"
                {
                }

                over "Data_Tray_A1_Drop_19"
                {
                }

                over "Busway_B_A4_Drop_1"
                {
                }

                over "Busway_A_A3_Drop_12"
                {
                }

                over "clg_man_a_r4_s_Tap_17"
                {
                }

                over "door_noc_meeting"
                {
                }

                over "rt_clg_cdu_a3_sec_r_Seg_1"
                {
                    over "Port"
                    {
                    }

                    over "Port_9f2aa1"
                    {
                    }
                }

                over "Busway_A_B4_Seg_3"
                {
                }

                over "Data_Tray_A1_Branch_16"
                {
                }

                over "Data_Tray_B2_Drop_10"
                {
                }

                over "LV_Cable_MCC_B_clg_drc_4_Seg_2"
                {
                }

                over "clg_man_a_r3_r_Tap_10"
                {
                }

                over "Data_Tray_B3_Branch_15"
                {
                }

                over "Busway_B_A1_Tap_20"
                {
                }

                over "Data_Tray_A4_Drop_6"
                {
                }

                over "Busway_B_B1_Tap_3"
                {
                }

                over "Busway_A_B3_Tap_17"
                {
                }

                over "wall_l0_v_068"
                {
                }

                over "Busway_B_B1_Tap_14"
                {
                }

                over "Busway_B_B1_Seg_4"
                {
                }

                over "Data_Tray_B1_Drop_4"
                {
                }

                over "Busway_B_B2_Seg_9"
                {
                }

                over "Busway_B_A2_Tap_9"
                {
                }

                over "rt_clg_tcs_hdr_s_Tap_clg_cdu_a2"
                {
                }

                over "clg_man_a_r3_s_Seg_12"
                {
                    over "Port"
                    {
                    }

                    over "Port_d17b45"
                    {
                    }
                }

                over "Busway_A_B2_Seg_1"
                {
                }

                over "Busway_B_A2_Drop_4"
                {
                }

                over "Busway_A_B4_Drop_20"
                {
                }

                over "rack_a_r4_01_Return_Hose"
                {
                    over "Port"
                    {
                    }

                    over "Port_f902e1"
                    {
                    }
                }

                over "Busway_B_A3_Tap_14"
                {
                }

                over "LV_Cable_MCC_B_clg_drc_3_Bend_1"
                {
                }

                over "Data_Tray_B4_Drop_6"
                {
                }

                over "Busway_B_A4_Drop_12"
                {
                }

                over "LV_Cable_MSB_B_UPS_B1_Seg_2"
                {
                }

                over "clg_man_a_r1_r_Tap_19"
                {
                }

                over "Busway_A_B1_Tap_5"
                {
                }

                over "col_055"
                {
                }

                over "rt_clg_chw_hdr_n_r_Seg_1"
                {
                    over "Port"
                    {
                    }

                    over "Port_b74f21"
                    {
                    }
                }

                over "Data_Tray_A1_Branch_9"
                {
                }

                over "rack_a_r1_04_Supply_Hose"
                {
                    over "Port"
                    {
                    }

                    over "Port_1af51d"
                    {
                    }
                }

                over "Busway_A_A4_Seg_11"
                {
                }

                over "Busway_B_B3_Seg_11"
                {
                }

                over "Data_Tray_A3_Branch_7"
                {
                }

                over "Busway_A_B2_Tap_12"
                {
                }

                over "Busway_A_B1_Tap_18"
                {
                }

                over "LV_Cable_UOB_B_PDU_B_A4_Bend_2"
                {
                }

                over "Busway_A_B3_Tap_2"
                {
                }

                over "Data_Tray_B2_Seg_6"
                {
                }

                over "clg_man_a_r2_s_Tap_19"
                {
                }

                over "Busway_A_B3_Drop_16"
                {
                }

                over "Data_Tray_B3_Branch_1"
                {
                }

                over "Data_Tray_A2_Branch_16"
                {
                }

                over "clg_man_a_r4_r_Tap_10"
                {
                }

                over "Busway_A_A2_Drop_17"
                {
                }

                over "Busway_A_A4_Seg_3"
                {
                }

                over "Busway_A_B3_Tap_4"
                {
                }

                over "Data_Tray_A2_Branch_13"
                {
                }

                over "Busway_A_A1_Seg_19"
                {
                }

                over "Busway_A_B2_Tap_11"
                {
                }

                over "Busway_A_B2_Tap_5"
                {
                }

                over "clg_man_a_r1_r_Seg_8"
                {
                    over "Port"
                    {
                    }

                    over "Port_de0331"
                    {
                    }
                }

                over "Data_Tray_B4_Branch_18"
                {
                }

                over "Busway_B_A2_Tap_16"
                {
                }

                over "clg_man_a_r2_r_Tap_1"
                {
                }

                over "LV_Cable_UOB_B_PDU_B_B1_Bend_1"
                {
                }

                over "clg_man_a_r4_s_Seg_2"
                {
                    over "Port"
                    {
                    }

                    over "Port_c300f4"
                    {
                    }
                }

                over "Busway_A_B3_Drop_19"
                {
                }

                over "Busway_B_A2_Tap_17"
                {
                }

                over "clg_crah_b3_Riser_Stub"
                {
                    over "Port"
                    {
                    }

                    over "Port_8f91de"
                    {
                    }
                }

                over "Data_Tray_B4_Branch_7"
                {
                }

                over "rt_clg_chw_hdr_w_s_Tap_clg_crah_b3"
                {
                }

                over "rack_a_r3_08_Return_Hose"
                {
                    over "Port"
                    {
                    }

                    over "Port_ca422c"
                    {
                    }
                }

                over "rack_a_r3_08_Supply_Hose"
                {
                    over "Port"
                    {
                    }

                    over "Port_c055dc"
                    {
                    }
                }

                over "Busway_B_A4_Seg_9"
                {
                }

                over "Busway_A_A2_Tap_10"
                {
                }

                over "Busway_B_A1_Drop_13"
                {
                }

                over "Data_Tray_B1_Seg_17"
                {
                }

                over "Data_Tray_A1_Branch_8"
                {
                }

                over "Busway_B_B2_Drop_13"
                {
                }

                over "clg_man_a_r4_s_Tap_9"
                {
                }

                over "Busway_B_B1_Tap_6"
                {
                }

                over "Busway_A_B1_Drop_7"
                {
                }

                over "Data_Tray_A1_Seg_8"
                {
                }

                over "rt_clg_chw_hdr_w_s_Seg_3"
                {
                    over "Port"
                    {
                    }

                    over "Port_c5d2e4"
                    {
                    }
                }

                over "rt_clg_chw_main_s_Seg_2"
                {
                    over "Port"
                    {
                    }

                    over "Port_6479ae"
                    {
                    }
                }

                over "Busway_A_B2_Drop_15"
                {
                }

                over "Busway_A_B3_Drop_17"
                {
                }

                over "Busway_B_B1_Drop_11"
                {
                }

                over "Busway_A_B2_Seg_6"
                {
                }

                over "wall_l0_h_028"
                {
                }

                over "Busway_A_A1_Tap_15"
                {
                }

                over "Data_Tray_B1_Branch_13"
                {
                }

                over "HV_Cable_RMU_B_TX_B_Seg_1"
                {
                }

                over "Data_Tray_A3_Seg_7"
                {
                }

                over "Busway_A_A4_Drop_13"
                {
                }

                over "LV_Cable_UOB_A_PDU_A_A3_Seg_1"
                {
                }

                over "rack_a_r2_11_Return_Hose"
                {
                    over "Port"
                    {
                    }

                    over "Port_efcbd0"
                    {
                    }
                }

                over "Data_Tray_B2_Drop_13"
                {
                }

                over "Data_Tray_A3_Branch_13"
                {
                }

                over "clg_man_a_r4_r_Seg_18"
                {
                    over "Port"
                    {
                    }

                    over "Port_d74569"
                    {
                    }
                }

                over "Busway_A_B2_Tap_2"
                {
                }

                over "LV_Cable_UOB_A_PDU_A_B2_Seg_1"
                {
                }

                over "Busway_B_A1_Seg_17"
                {
                }

                over "Busway_B_A4_Tap_2"
                {
                }

                over "Data_Tray_B2_Drop_9"
                {
                }

                over "Busway_B_A2_Seg_11"
                {
                }

                over "Data_Tray_B1_Drop_16"
                {
                }

                over "LV_Cable_UOB_B_PDU_B_A1_Seg_3"
                {
                }

                over "Busway_A_A4_Drop_12"
                {
                }

                over "Busway_B_A3_Seg_19"
                {
                }

                over "Data_Tray_B3_Branch_18"
                {
                }

                over "Busway_B_A1_Drop_9"
                {
                }

                over "Data_Tray_A1_Branch_3"
                {
                }

                over "Busway_B_B1_Tap_2"
                {
                }

                over "LV_Cable_MSB_B_UPS_B3_Bend_1"
                {
                }

                over "rt_clg_chp_1_s_Leg"
                {
                    over "Port"
                    {
                    }

                    over "Port_fbaa75"
                    {
                    }
                }

                over "Fuel_Line_FT_B_GEN_B_Bend_1"
                {
                }

                over "rack_a_r1_08_Supply_Hose"
                {
                    over "Port"
                    {
                    }

                    over "Port_8f11f3"
                    {
                    }
                }

                over "Busway_A_A1_Drop_6"
                {
                }

                over "clg_man_a_r2_r_Tap_10"
                {
                }

                over "Data_Tray_A3_Seg_17"
                {
                }

                over "Data_Tray_A4_Seg_19"
                {
                }

                over "Data_Tray_A2_Seg_15"
                {
                }

                over "LV_Cable_MSB_A_UPS_A1_Seg_1"
                {
                }

                over "Data_Tray_A2_Drop_20"
                {
                }

                over "Busway_B_B3_Tap_6"
                {
                }

                over "Busway_A_B3_Seg_9"
                {
                }

                over "clg_man_a_r4_s_Tap_4"
                {
                }

                over "Busway_B_A4_Tap_10"
                {
                }

                over "Busway_A_B4_Seg_17"
                {
                }

                over "rack_a_r2_05_Supply_Hose"
                {
                    over "Port"
                    {
                    }

                    over "Port_c72468"
                    {
                    }
                }

                over "LV_Cable_MCC_B_clg_cdu_a3_Bend_1"
                {
                }

                over "Busway_B_B2_Tap_5"
                {
                }

                over "LV_Cable_UOB_A_PDU_A_A2_Bend_2"
                {
                }

                over "Busway_B_B1_Tap_15"
                {
                }

                over "Busway_A_A4_Drop_2"
                {
                }

                over "LV_Cable_UPS_A4_UOB_A_Seg_2"
                {
                }

                over "Busway_B_B1_Seg_15"
                {
                }

                over "Busway_A_B2_Tap_6"
                {
                }

                over "wall_l0_v_042"
                {
                }

                over "Data_Tray_A2_Branch_17"
                {
                }

                over "clg_man_a_r4_s_Seg_16"
                {
                    over "Port"
                    {
                    }

                    over "Port_77c8f6"
                    {
                    }
                }

                over "Busway_A_B3_Seg_4"
                {
                }

                over "Busway_B_A4_Tap_8"
                {
                }

                over "clg_man_a_r2_s_Seg_3"
                {
                    over "Port"
                    {
                    }

                    over "Port_dfa0ff"
                    {
                    }
                }

                over "Data_Tray_A1_Drop_8"
                {
                }

                over "rt_clg_fws_yard_s_Seg_4"
                {
                    over "Port"
                    {
                    }

                    over "Port_9b863a"
                    {
                    }
                }

                over "Busway_B_B3_Drop_17"
                {
                }

                over "Busway_A_B2_Tap_10"
                {
                }

                over "rt_clg_fws_main_s_Bend_4"
                {
                }

                over "rack_a_r4_07_Supply_Hose"
                {
                    over "Port"
                    {
                    }

                    over "Port_63623f"
                    {
                    }
                }

                over "Busway_B_A1_Tap_6"
                {
                }

                over "rack_a_r3_18_Supply_Hose"
                {
                    over "Port"
                    {
                    }

                    over "Port_af0f88"
                    {
                    }
                }

                over "Busway_A_B1_Seg_2"
                {
                }

                over "Busway_A_B3_Seg_13"
                {
                }

                over "Busway_A_A4_Drop_10"
                {
                }

                over "Busway_A_B3_Drop_15"
                {
                }

                over "clg_ch_2_Riser_Stub"
                {
                    over "Port"
                    {
                    }

                    over "Port_510a29"
                    {
                    }
                }

                over "clg_man_a_r3_r_Seg_5"
                {
                    over "Port"
                    {
                    }

                    over "Port_9b2f85"
                    {
                    }
                }

                over "Data_Tray_A2_Drop_13"
                {
                }

                over "Busway_B_A1_Seg_5"
                {
                }

                over "rack_a_r1_07_Supply_Hose"
                {
                    over "Port"
                    {
                    }

                    over "Port_30c1a5"
                    {
                    }
                }

                over "clg_man_a_r3_r_Seg_20"
                {
                    over "Port"
                    {
                    }

                    over "Port_d9f954"
                    {
                    }
                }

                over "LV_Cable_UOB_A_PDU_A_B1_Bend_2"
                {
                }

                over "rack_a_r1_17_Return_Hose"
                {
                    over "Port"
                    {
                    }

                    over "Port_2d49e8"
                    {
                    }
                }

                over "Busway_B_B3_Tap_16"
                {
                }

                over "rt_clg_fws_main_s_Seg_2"
                {
                    over "Port"
                    {
                    }

                    over "Port_75fed1"
                    {
                    }
                }

                over "Data_Tray_A2_Branch_15"
                {
                }

                over "Busway_B_B4_Seg_5"
                {
                }

                over "Busway_A_A2_Drop_13"
                {
                }

                over "col_045"
                {
                }

                over "Data_Tray_A3_Seg_6"
                {
                }

                over "wall_l0_h_011"
                {
                }

                over "col_016"
                {
                }

                over "Busway_A_B4_Seg_14"
                {
                }

                over "rt_clg_drc_3_s_Seg_1"
                {
                    over "Port"
                    {
                    }

                    over "Port_6a4651"
                    {
                    }
                }

                over "rt_clg_drc_4_s_Seg_1"
                {
                    over "Port"
                    {
                    }

                    over "Port_85a7d5"
                    {
                    }
                }

                over "Data_Tray_A3_Seg_19"
                {
                }

                over "Busway_A_B3_Tap_20"
                {
                }

                over "Busway_B_B2_Drop_19"
                {
                }

                over "Busway_B_B1_Drop_7"
                {
                }

                over "Data_Tray_B1_Drop_1"
                {
                }

                over "clg_man_a_r2_r_Seg_11"
                {
                    over "Port"
                    {
                    }

                    over "Port_a7bdc6"
                    {
                    }
                }

                over "Data_Tray_B3_Drop_12"
                {
                }

                over "rt_clg_dos_1_s_Seg_1"
                {
                    over "Port"
                    {
                    }

                    over "Port_60a6b6"
                    {
                    }
                }

                over "Data_Tray_B2_Seg_15"
                {
                }

                over "Busway_A_B4_Drop_6"
                {
                }

                over "Data_Tray_A3_Drop_20"
                {
                }

                over "clg_man_a_r3_r_Tap_1"
                {
                }

                over "clg_man_a_r1_s_Tap_4"
                {
                }

                over "Busway_A_B2_Seg_9"
                {
                }

                over "rt_clg_fws_main_s_Tap_clg_fwp_3"
                {
                }

                over "LV_Cable_UOB_A_PDU_A_B4_Bend_2"
                {
                }

                over "Plant_Yard_Access"
                {
                }

                over "wall_l0_v_067"
                {
                }

                over "rt_clg_fws_yard_s_Seg_3"
                {
                    over "Port"
                    {
                    }

                    over "Port_c5ed97"
                    {
                    }
                }

                over "LV_Cable_UPS_B1_UOB_B_Seg_2"
                {
                }

                over "Data_Tray_A4_Drop_8"
                {
                }

                over "Busway_A_A3_Drop_13"
                {
                }

                over "Busway_A_B4_Drop_2"
                {
                }

                over "Data_Tray_A3_Seg_18"
                {
                }

                over "Busway_A_B1_Tap_9"
                {
                }

                over "Busway_B_B2_Tap_2"
                {
                }

                over "Busway_B_A2_Seg_4"
                {
                }

                over "Data_Tray_B4_Seg_2"
                {
                }

                over "clg_man_a_r3_s_Seg_11"
                {
                    over "Port"
                    {
                    }

                    over "Port_879846"
                    {
                    }
                }

                over "Busway_A_B2_Drop_2"
                {
                }

                over "rack_a_r4_10_Supply_Hose"
                {
                    over "Port"
                    {
                    }

                    over "Port_ed4af7"
                    {
                    }
                }

                over "Busway_A_B3_Seg_10"
                {
                }

                over "Data_Spine_B_Seg_3"
                {
                }

                over "clg_man_a_r1_r_Seg_14"
                {
                    over "Port"
                    {
                    }

                    over "Port_e934ed"
                    {
                    }
                }

                over "Busway_B_A1_Tap_17"
                {
                }

                over "Data_Tray_A4_Drop_4"
                {
                }

                over "Data_Tray_B2_Drop_11"
                {
                }

                over "LV_Cable_MCC_B_clg_cdu_a4_Seg_1"
                {
                }

                over "Busway_A_A4_Seg_8"
                {
                }

                over "Busway_B_B1_Tap_19"
                {
                }

                over "Data_Tray_A4_Branch_13"
                {
                }

                over "clg_man_a_r4_s_Seg_9"
                {
                    over "Port"
                    {
                    }

                    over "Port_826368"
                    {
                    }
                }

                over "LV_Cable_MCC_A_clg_cdu_a1_Bend_1"
                {
                }

                over "LV_Cable_MCC_A_clg_drc_1_Bend_1"
                {
                }

                over "clg_man_a_r3_s_Bend_20"
                {
                }

                over "Data_Tray_A2_Branch_1"
                {
                }

                over "Busway_B_A3_Seg_14"
                {
                }

                over "clg_man_a_r4_r_Seg_10"
                {
                    over "Port"
                    {
                    }

                    over "Port_d11733"
                    {
                    }
                }

                over "Busway_B_A1_Tap_16"
                {
                }

                over "Busway_B_B4_Tap_16"
                {
                }

                over "Data_Tray_A4_Seg_13"
                {
                }

                over "clg_man_a_r1_s_Bend_20"
                {
                }

                over "Data_Tray_B4_Seg_19"
                {
                }

                over "LV_Cable_TX_A_MSB_A_Seg_1"
                {
                }

                over "wall_l0_h_005"
                {
                }

                over "LV_Cable_MCC_A_clg_crah_b2_Seg_2"
                {
                }

                over "Busway_A_A2_Drop_2"
                {
                }

                over "Busway_A_A2_Tap_14"
                {
                }

                over "Data_Tray_B4_Seg_12"
                {
                }

                over "Busway_A_B2_Tap_9"
                {
                }

                over "Busway_B_B1_Seg_9"
                {
                }

                over "LV_Cable_GEN_A_MSB_A_Seg_2"
                {
                }

                over "clg_man_a_r3_r_Seg_11"
                {
                    over "Port"
                    {
                    }

                    over "Port_ec2c8f"
                    {
                    }
                }

                over "clg_man_a_r4_s_Seg_12"
                {
                    over "Port"
                    {
                    }

                    over "Port_4e1e07"
                    {
                    }
                }

                over "rt_clg_fws_main_r_Bend_1"
                {
                }

                over "clg_man_a_r2_s_Seg_16"
                {
                    over "Port"
                    {
                    }

                    over "Port_995bfc"
                    {
                    }
                }

                over "Busway_A_A3_Drop_17"
                {
                }

                over "LV_Cable_UOB_A_PDU_A_B3_Bend_1"
                {
                }

                over "col_017"
                {
                }

                over "Data_Tray_A3_Seg_2"
                {
                }

                over "LV_Cable_MCC_B_clg_crah_b4_Seg_1"
                {
                }

                over "Busway_B_B2_Drop_6"
                {
                }

                over "rt_clg_chw_hdr_e_s_Seg_2"
                {
                    over "Port"
                    {
                    }

                    over "Port_3fde2e"
                    {
                    }
                }

                over "Busway_B_A2_Seg_14"
                {
                }

                over "Data_Tray_A4_Drop_20"
                {
                }

                over "Data_Tray_B3_Branch_9"
                {
                }

                over "Busway_B_B2_Drop_12"
                {
                }

                over "Busway_B_A3_Drop_18"
                {
                }

                over "Busway_A_A3_Tap_15"
                {
                }

                over "rt_clg_fws_yard_r_Seg_4"
                {
                    over "Port"
                    {
                    }

                    over "Port_7399c2"
                    {
                    }
                }

                over "Busway_B_B1_Seg_17"
                {
                }

                over "clg_man_a_r4_s_Seg_6"
                {
                    over "Port"
                    {
                    }

                    over "Port_84e08f"
                    {
                    }
                }

                over "LV_Cable_MSB_B_UPS_B4_Seg_2"
                {
                }

                over "Busway_B_A2_Drop_16"
                {
                }

                over "Busway_B_B1_Tap_20"
                {
                }

                over "Busway_B_A3_Drop_16"
                {
                }

                over "Data_Tray_B3_Branch_12"
                {
                }

                over "rt_clg_chw_hdr_w_r_Seg_2"
                {
                    over "Port"
                    {
                    }

                    over "Port_2a8f7d"
                    {
                    }
                }

                over "rack_a_r2_15_Supply_Hose"
                {
                    over "Port"
                    {
                    }

                    over "Port_95d59b"
                    {
                    }
                }

                over "Busway_B_B1_Drop_3"
                {
                }

                over "wall_l0_v_055"
                {
                }

                over "rack_a_r2_02_Supply_Hose"
                {
                    over "Port"
                    {
                    }

                    over "Port_25e7a6"
                    {
                    }
                }

                over "rack_a_r3_17_Return_Hose"
                {
                    over "Port"
                    {
                    }

                    over "Port_c9c33b"
                    {
                    }
                }

                over "Busway_B_A2_Drop_14"
                {
                }

                over "clg_man_a_r1_r_Tap_17"
                {
                }

                over "Busway_B_B4_Tap_12"
                {
                }

                over "Busway_A_A4_Tap_1"
                {
                }

                over "Data_Tray_B4_Drop_15"
                {
                }

                over "Busway_B_A4_Drop_19"
                {
                }

                over "rack_a_r4_19_Supply_Hose"
                {
                    over "Port"
                    {
                    }

                    over "Port_b487ea"
                    {
                    }
                }

                over "Busway_B_A3_Seg_9"
                {
                }

                over "Busway_A_A4_Drop_3"
                {
                }

                over "wall_l0_h_002"
                {
                }

                over "wall_l0_v_049"
                {
                }

                over "Busway_A_A1_Seg_16"
                {
                }

                over "clg_man_a_r3_r_Seg_15"
                {
                    over "Port"
                    {
                    }

                    over "Port_de4870"
                    {
                    }
                }

                over "Busway_B_A2_Seg_20"
                {
                }

                over "rt_clg_tcs_hdr_r_Tap_clg_cdu_a3"
                {
                }

                over "rack_a_r2_03_Supply_Hose"
                {
                    over "Port"
                    {
                    }

                    over "Port_b61536"
                    {
                    }
                }

                over "clg_man_a_r2_r_Seg_8"
                {
                    over "Port"
                    {
                    }

                    over "Port_4b215a"
                    {
                    }
                }

                over "Busway_A_A2_Tap_3"
                {
                }

                over "Electrical_B_Yard_Access"
                {
                }

                over "Busway_B_B1_Drop_13"
                {
                }

                over "clg_man_a_r1_s_Tap_2"
                {
                }

                over "Data_Tray_B3_Branch_5"
                {
                }

                over "LV_Cable_UOB_A_PDU_A_A4_Seg_3"
                {
                }

                over "col_032"
                {
                }

                over "Busway_B_B1_Tap_4"
                {
                }

                over "Data_Tray_A1_Seg_6"
                {
                }

                over "Busway_B_A4_Seg_12"
                {
                }

                over "Busway_A_B1_Drop_1"
                {
                }

                over "Data_Tray_B1_Drop_9"
                {
                }

                over "Data_Tray_B1_Drop_3"
                {
                }

                over "Busway_A_A3_Tap_9"
                {
                }

                over "clg_man_a_r1_r_Tap_1"
                {
                }

                over "Busway_B_A1_Drop_19"
                {
                }

                over "LV_Cable_UPS_B3_UOB_B_Bend_1"
                {
                }

                over "Busway_A_A4_Drop_7"
                {
                }

                over "Busway_B_A3_Tap_7"
                {
                }

                over "rack_a_r4_12_Supply_Hose"
                {
                    over "Port"
                    {
                    }

                    over "Port_be06d2"
                    {
                    }
                }

                over "rack_a_r4_02_Supply_Hose"
                {
                    over "Port"
                    {
                    }

                    over "Port_c4a063"
                    {
                    }
                }

                over "Busway_A_A1_Seg_1"
                {
                }

                over "Data_Tray_B1_Drop_5"
                {
                }

                over "Busway_A_A4_Seg_2"
                {
                }

                over "LV_Cable_MCC_B_clg_fwp_2_Seg_1"
                {
                }

                over "Data_Tray_B3_Drop_18"
                {
                }

                over "clg_man_a_r2_s_Bend_20"
                {
                }

                over "rack_a_r1_11_Return_Hose"
                {
                    over "Port"
                    {
                    }

                    over "Port_4eea96"
                    {
                    }
                }

                over "LV_Cable_MSB_B_UPS_B1_Bend_1"
                {
                }

                over "Busway_B_B4_Tap_3"
                {
                }

                over "clg_man_a_r4_s_Seg_1"
                {
                    over "Port"
                    {
                    }

                    over "Port_eda6ad"
                    {
                    }
                }

                over "rack_a_r3_14_Return_Hose"
                {
                    over "Port"
                    {
                    }

                    over "Port_80f9cf"
                    {
                    }
                }

                over "LV_Cable_TX_B_MSB_B_Bend_1"
                {
                }

                over "Busway_B_B2_Tap_12"
                {
                }

                over "LV_Cable_UOB_A_PDU_A_A1_Seg_2"
                {
                }

                over "Busway_A_B4_Seg_4"
                {
                }

                over "Busway_A_B3_Tap_11"
                {
                }

                over "Data_Tray_B1_Branch_19"
                {
                }

                over "Data_Tray_A3_Drop_17"
                {
                }

                over "Busway_B_B4_Seg_14"
                {
                }

                over "Data_Tray_A4_Seg_12"
                {
                }

                over "rt_clg_drc_1_r_Seg_1"
                {
                    over "Port"
                    {
                    }

                    over "Port_7b2b8d"
                    {
                    }
                }

                over "Busway_B_B4_Drop_17"
                {
                }

                over "Busway_A_A1_Drop_3"
                {
                }

                over "clg_man_a_r2_r_Tap_17"
                {
                }

                over "col_014"
                {
                }

                over "Busway_B_A4_Tap_4"
                {
                }

                over "Data_Tray_B1_Seg_11"
                {
                }

                over "clg_man_a_r1_r_Tap_3"
                {
                }

                over "Busway_B_B2_Tap_1"
                {
                }

                over "Data_Tray_A4_Drop_17"
                {
                }

                over "clg_man_a_r4_s_Tap_14"
                {
                }

                over "Busway_B_A4_Tap_17"
                {
                }

                over "Busway_B_A1_Tap_13"
                {
                }

                over "rack_a_r1_10_Supply_Hose"
                {
                    over "Port"
                    {
                    }

                    over "Port_cbf64e"
                    {
                    }
                }

                over "Busway_A_A2_Drop_18"
                {
                }

                over "Busway_B_B2_Tap_14"
                {
                }

                over "rt_clg_tcs_hdr_r_Tap_clg_cdu_a2"
                {
                }

                over "col_080"
                {
                }

                over "Busway_B_A3_Drop_9"
                {
                }

                over "rt_clg_chw_main_s_Tap_clg_hx_1"
                {
                }

                over "Busway_B_A1_Drop_4"
                {
                }

                over "Busway_B_A4_Tap_14"
                {
                }

                over "col_060"
                {
                }

                over "LV_Cable_UOB_B_PDU_B_A2_Seg_2"
                {
                }

                over "clg_man_a_r2_s_Seg_20"
                {
                    over "Port"
                    {
                    }

                    over "Port_7b5a32"
                    {
                    }
                }

                over "Busway_B_B4_Seg_2"
                {
                }

                over "Busway_A_A3_Drop_18"
                {
                }

                over "rt_clg_chw_main_r_Seg_8"
                {
                    over "Port"
                    {
                    }

                    over "Port_b1eeff"
                    {
                    }
                }

                over "Busway_B_A3_Drop_2"
                {
                }

                over "LV_Cable_UOB_B_PDU_B_A3_Seg_2"
                {
                }

                over "Busway_A_A2_Drop_4"
                {
                }

                over "Data_Tray_B3_Seg_4"
                {
                }

                over "clg_crah_b1_Riser_Stub"
                {
                    over "Port"
                    {
                    }

                    over "Port_99343d"
                    {
                    }
                }

                over "rack_a_r1_10_Return_Hose"
                {
                    over "Port"
                    {
                    }

                    over "Port_79732f"
                    {
                    }
                }

                over "clg_man_a_r3_r_Tap_19"
                {
                }

                over "LV_Cable_UOB_B_PDU_B_A1_Bend_2"
                {
                }

                over "HV_Cable_UTIL_A_RMU_A_Bend_1"
                {
                }

                over "Busway_B_B2_Tap_16"
                {
                }

                over "clg_man_a_r2_s_Tap_11"
                {
                }

                over "wall_l0_v_072"
                {
                }

                over "Spine_Stub_B1_Seg_1"
                {
                }

                over "Busway_B_A2_Tap_5"
                {
                }

                over "Busway_B_A3_Drop_1"
                {
                }

                over "clg_man_a_r3_s_Seg_1"
                {
                    over "Port"
                    {
                    }

                    over "Port_dc6caa"
                    {
                    }
                }

                over "Busway_B_A1_Seg_6"
                {
                }

                over "rt_clg_chw_hdr_w_s_Tap_clg_crah_b2"
                {
                }

                over "Busway_B_A3_Seg_7"
                {
                }

                over "clg_man_a_r1_s_Tap_7"
                {
                }

                over "Data_Spine_A_Seg_1"
                {
                }

                over "rack_a_r1_02_Return_Hose"
                {
                    over "Port"
                    {
                    }

                    over "Port_139feb"
                    {
                    }
                }

                over "col_022"
                {
                }

                over "LV_Cable_UOB_A_PDU_A_B4_Bend_1"
                {
                }

                over "Busway_A_B2_Drop_5"
                {
                }

                over "rack_a_r1_16_Supply_Hose"
                {
                    over "Port"
                    {
                    }

                    over "Port_ec8794"
                    {
                    }
                }

                over "Busway_B_B3_Tap_4"
                {
                }

                over "Busway_A_B1_Seg_16"
                {
                }

                over "Data_Tray_A4_Seg_7"
                {
                }

                over "LV_Cable_MCC_A_clg_cdu_a2_Seg_2"
                {
                }

                over "Data_Tray_B4_Branch_12"
                {
                }

                over "Busway_B_B4_Tap_8"
                {
                }

                over "clg_man_a_r1_r_Seg_19"
                {
                    over "Port"
                    {
                    }

                    over "Port_d3f30c"
                    {
                    }
                }

                over "Busway_A_B1_Seg_7"
                {
                }

                over "Data_Tray_B2_Branch_14"
                {
                }

                over "Busway_A_B2_Tap_14"
                {
                }

                over "clg_man_a_r3_r_Seg_8"
                {
                    over "Port"
                    {
                    }

                    over "Port_cc1572"
                    {
                    }
                }

                over "Busway_A_A3_Seg_7"
                {
                }

                over "LV_Cable_GEN_A_MSB_A_Seg_1"
                {
                }

                over "rt_clg_fws_yard_r_Tap_clg_drc_2"
                {
                }

                over "LV_Cable_UOB_B_PDU_B_B1_Seg_3"
                {
                }

                over "Busway_B_B4_Tap_9"
                {
                }

                over "clg_man_a_r4_s_Seg_13"
                {
                    over "Port"
                    {
                    }

                    over "Port_8bb1e0"
                    {
                    }
                }

                over "clg_man_a_r2_s_Tap_18"
                {
                }

                over "Busway_B_B1_Seg_2"
                {
                }

                over "wall_l0_h_003"
                {
                }

                over "col_044"
                {
                }

                over "clg_man_a_r1_s_Seg_7"
                {
                    over "Port"
                    {
                    }

                    over "Port_306322"
                    {
                    }
                }

                over "col_041"
                {
                }

                over "LV_Cable_MSB_A_UPS_A1_Seg_2"
                {
                }

                over "rack_a_r4_01_Supply_Hose"
                {
                    over "Port"
                    {
                    }

                    over "Port_b41e09"
                    {
                    }
                }

                over "LV_Cable_MCC_A_clg_crah_b3_Seg_1"
                {
                }

                over "clg_man_a_r3_r_Seg_18"
                {
                    over "Port"
                    {
                    }

                    over "Port_cbc350"
                    {
                    }
                }

                over "rack_a_r2_12_Return_Hose"
                {
                    over "Port"
                    {
                    }

                    over "Port_9ab41b"
                    {
                    }
                }

                over "rack_a_r3_07_Return_Hose"
                {
                    over "Port"
                    {
                    }

                    over "Port_d279f7"
                    {
                    }
                }

                over "Busway_A_B1_Seg_10"
                {
                }

                over "Busway_A_A4_Tap_2"
                {
                }

                over "col_034"
                {
                }

                over "LV_Cable_MSB_A_UPS_A3_Seg_1"
                {
                }

                over "clg_man_a_r4_s_Seg_4"
                {
                    over "Port"
                    {
                    }

                    over "Port_9c63ff"
                    {
                    }
                }

                over "Busway_A_A1_Drop_1"
                {
                }

                over "Data_Tray_B1_Seg_8"
                {
                }

                over "Busway_B_A1_Drop_10"
                {
                }

                over "Data_Tray_A4_Branch_19"
                {
                }

                over "col_075"
                {
                }

                over "Spine_Stub_B3_Seg_1"
                {
                }

                over "clg_man_a_r3_r_Tap_5"
                {
                }

                over "rt_clg_chw_hdr_w_r_Tap_clg_crah_b1"
                {
                }

                over "Data_Tray_A2_Drop_6"
                {
                }

                over "Busway_B_B3_Drop_7"
                {
                }

                over "Data_Tray_B4_Drop_16"
                {
                }

                over "col_028"
                {
                }

                over "Data_Tray_A3_Seg_4"
                {
                }

                over "Busway_A_B4_Drop_14"
                {
                }

                over "Busway_A_A3_Seg_8"
                {
                }

                over "rack_a_r4_17_Return_Hose"
                {
                    over "Port"
                    {
                    }

                    over "Port_d01c72"
                    {
                    }
                }

                over "Busway_B_A3_Drop_5"
                {
                }

                over "Busway_B_A4_Tap_7"
                {
                }

                over "Data_Tray_B1_Seg_12"
                {
                }

                over "col_056"
                {
                }

                over "clg_man_a_r3_r_Tap_13"
                {
                }

                over "rt_clg_chp_2_s_Riser"
                {
                    over "Port"
                    {
                    }

                    over "Port_d7b604"
                    {
                    }
                }

                over "Data_Tray_B3_Seg_15"
                {
                }

                over "Data_Tray_B1_Seg_6"
                {
                }

                over "Busway_A_B4_Tap_1"
                {
                }

                over "LV_Cable_UOB_A_PDU_A_A1_Seg_1"
                {
                }

                over "clg_man_a_r1_r_Tap_14"
                {
                }

                over "rack_a_r2_18_Return_Hose"
                {
                    over "Port"
                    {
                    }

                    over "Port_e0f972"
                    {
                    }
                }

                over "Busway_A_A2_Seg_8"
                {
                }

                over "Fuel_Line_FT_A_GEN_A_Seg_1"
                {
                    over "Port"
                    {
                    }

                    over "Port_c29112"
                    {
                    }
                }

                over "clg_man_a_r3_r_Seg_1"
                {
                    over "Port"
                    {
                    }

                    over "Port_b6c02b"
                    {
                    }
                }

                over "Busway_A_B4_Seg_19"
                {
                }

                over "rt_clg_fws_yard_r_Seg_3"
                {
                    over "Port"
                    {
                    }

                    over "Port_3f59f0"
                    {
                    }
                }

                over "rack_a_r4_14_Supply_Hose"
                {
                    over "Port"
                    {
                    }

                    over "Port_81c446"
                    {
                    }
                }

                over "Busway_B_A2_Tap_11"
                {
                }

                over "Busway_A_B4_Drop_18"
                {
                }

                over "door_corr_s"
                {
                }

                over "LV_Cable_MSB_B_UPS_B2_Seg_2"
                {
                }

                over "Busway_B_A1_Tap_14"
                {
                }

                over "Busway_A_A2_Tap_6"
                {
                }

                over "Busway_B_A2_Seg_19"
                {
                }

                over "clg_man_a_r3_s_Seg_10"
                {
                    over "Port"
                    {
                    }

                    over "Port_e2aada"
                    {
                    }
                }

                over "LV_Cable_MCC_B_clg_fwp_3_Seg_2"
                {
                }

                over "col_065"
                {
                }

                over "rt_clg_chw_main_r_Seg_1"
                {
                    over "Port"
                    {
                    }

                    over "Port_919433"
                    {
                    }
                }

                over "clg_man_a_r3_s_Tap_6"
                {
                }

                over "Busway_B_A3_Tap_20"
                {
                }

                over "rt_clg_chp_3_r_Leg"
                {
                    over "Port"
                    {
                    }

                    over "Port_e5276e"
                    {
                    }
                }

                over "Spine_Stub_B2_Seg_1"
                {
                }

                over "rack_a_r2_03_Return_Hose"
                {
                    over "Port"
                    {
                    }

                    over "Port_da0017"
                    {
                    }
                }

                over "rt_clg_fwp_2_s_Leg"
                {
                    over "Port"
                    {
                    }

                    over "Port_50b769"
                    {
                    }
                }

                over "Busway_A_A2_Drop_6"
                {
                }

                over "Busway_B_B3_Seg_16"
                {
                }

                over "Busway_A_A3_Seg_14"
                {
                }

                over "rt_clg_cdu_a3_pri_s_Seg_1"
                {
                    over "Port"
                    {
                    }

                    over "Port_f7774d"
                    {
                    }
                }

                over "wall_l0_h_012"
                {
                }

                over "Fuel_Line_FT_B_GEN_B_Seg_1"
                {
                    over "Port"
                    {
                    }

                    over "Port_5ecc39"
                    {
                    }
                }

                over "Busway_A_B1_Drop_5"
                {
                }

                over "Data_Tray_B1_Branch_11"
                {
                }

                over "Data_Tray_A3_Branch_1"
                {
                }

                over "clg_man_a_r1_s_Seg_3"
                {
                    over "Port"
                    {
                    }

                    over "Port_b80dd8"
                    {
                    }
                }

                over "LV_Cable_MCC_A_clg_ch_1_Seg_2"
                {
                }

                over "rack_a_r1_09_Supply_Hose"
                {
                    over "Port"
                    {
                    }

                    over "Port_cf4fde"
                    {
                    }
                }

                over "Busway_A_A1_Tap_5"
                {
                }

                over "Data_Tray_A4_Seg_9"
                {
                }

                over "Busway_B_B2_Drop_17"
                {
                }

                over "rt_clg_hx_1_chw_s_Seg_1"
                {
                    over "Port"
                    {
                    }

                    over "Port_7f7ac2"
                    {
                    }
                }

                over "Busway_A_B4_Tap_11"
                {
                }

                over "Data_Tray_A2_Seg_18"
                {
                }

                over "LV_Cable_UOB_B_PDU_B_B4_Seg_1"
                {
                }

                over "clg_man_a_r3_s_Seg_8"
                {
                    over "Port"
                    {
                    }

                    over "Port_2a4f95"
                    {
                    }
                }

                over "Busway_A_A2_Seg_6"
                {
                }

                over "Data_Tray_A1_Drop_17"
                {
                }

                over "Busway_B_B1_Drop_5"
                {
                }

                over "Busway_B_A2_Drop_13"
                {
                }

                over "col_001"
                {
                }

                over "Busway_B_A4_Seg_13"
                {
                }

                over "rack_a_r4_09_Return_Hose"
                {
                    over "Port"
                    {
                    }

                    over "Port_ca14ce"
                    {
                    }
                }

                over "Data_Tray_B2_Seg_10"
                {
                }

                over "Data_Tray_A4_Seg_15"
                {
                }

                over "Busway_B_B3_Tap_19"
                {
                }

                over "Data_Tray_B4_Branch_8"
                {
                }

                over "rt_clg_chw_main_s_Tap_clg_chp_1"
                {
                }

                over "Data_Tray_A1_Drop_16"
                {
                }

                over "Data_Tray_B3_Drop_13"
                {
                }

                over "Busway_A_A1_Seg_14"
                {
                }

                over "clg_man_a_r3_s_Tap_17"
                {
                }

                over "Data_Tray_B2_Bend_20"
                {
                }

                over "rt_clg_chw_main_r_Tap_clg_chp_3"
                {
                }

                over "Busway_B_B4_Drop_19"
                {
                }

                over "Data_Tray_B3_Drop_6"
                {
                }

                over "door_hall_a_w"
                {
                }

                over "Busway_A_B2_Seg_18"
                {
                }

                over "Data_Tray_B4_Branch_11"
                {
                }

                over "Office_Data_Tray_Seg_1"
                {
                }

                over "Busway_B_B3_Drop_1"
                {
                }

                over "Data_Tray_A4_Branch_18"
                {
                }

                over "col_031"
                {
                }

                over "Data_Tray_A4_Drop_10"
                {
                }

                over "Data_Tray_B1_Drop_15"
                {
                }

                over "Busway_A_A1_Drop_10"
                {
                }

                over "clg_man_a_r2_r_Seg_3"
                {
                    over "Port"
                    {
                    }

                    over "Port_8a810b"
                    {
                    }
                }

                over "Data_Tray_A2_Seg_4"
                {
                }

                over "Data_Tray_A3_Seg_12"
                {
                }

                over "Data_Tray_B3_Drop_3"
                {
                }

                over "Busway_A_B2_Drop_17"
                {
                }

                over "Data_Tray_B2_Drop_2"
                {
                }

                over "Data_Tray_A2_Drop_9"
                {
                }

                over "rack_a_r4_05_Supply_Hose"
                {
                    over "Port"
                    {
                    }

                    over "Port_f35f6f"
                    {
                    }
                }

                over "wall_l0_h_007"
                {
                }

                over "col_073"
                {
                }

                over "clg_man_a_r3_r_Tap_4"
                {
                }

                over "clg_man_a_r2_s_Seg_14"
                {
                    over "Port"
                    {
                    }

                    over "Port_3cf344"
                    {
                    }
                }

                over "clg_man_a_r3_s_Tap_14"
                {
                }

                over "Data_Tray_A2_Branch_8"
                {
                }

                over "clg_man_a_r3_r_Seg_4"
                {
                    over "Port"
                    {
                    }

                    over "Port_a0a7de"
                    {
                    }
                }

                over "Busway_B_A2_Drop_8"
                {
                }

                over "wall_l0_v_041"
                {
                }

                over "Data_Tray_B4_Drop_1"
                {
                }

                over "Busway_A_A1_Tap_4"
                {
                }

                over "Busway_B_B1_Seg_12"
                {
                }

                over "wall_l0_h_021"
                {
                }

                over "Data_Tray_B3_Drop_20"
                {
                }

                over "rt_clg_chw_main_s_Seg_8"
                {
                    over "Port"
                    {
                    }

                    over "Port_7f8466"
                    {
                    }
                }

                over "Busway_B_B1_Drop_14"
                {
                }

                over "Busway_B_B3_Tap_13"
                {
                }

                over "col_009"
                {
                }

                over "Busway_A_B2_Seg_2"
                {
                }

                over "Busway_B_A1_Tap_9"
                {
                }

                over "clg_man_a_r2_s_Tap_16"
                {
                }

                over "Busway_A_B3_Drop_7"
                {
                }

                over "LV_Cable_UOB_A_PDU_A_B3_Seg_2"
                {
                }

                over "Busway_A_B3_Seg_7"
                {
                }

                over "Busway_A_A1_Tap_1"
                {
                }

                over "rt_clg_chw_hdr_e_r_Seg_2"
                {
                    over "Port"
                    {
                    }

                    over "Port_e3a0e7"
                    {
                    }
                }

                over "Data_Tray_A2_Drop_12"
                {
                }

                over "Busway_B_B3_Seg_5"
                {
                }

                over "rack_a_r4_13_Return_Hose"
                {
                    over "Port"
                    {
                    }

                    over "Port_ad42ab"
                    {
                    }
                }

                over "Data_Tray_A1_Bend_20"
                {
                }

                over "clg_man_a_r1_s_Tap_16"
                {
                }

                over "Busway_B_A4_Drop_11"
                {
                }

                over "Busway_B_A1_Drop_6"
                {
                }

                over "clg_man_a_r4_s_Tap_19"
                {
                }

                over "clg_man_a_r2_r_Seg_20"
                {
                    over "Port"
                    {
                    }

                    over "Port_553a49"
                    {
                    }
                }

                over "wall_l0_v_060"
                {
                }

                over "Busway_A_B4_Seg_5"
                {
                }

                over "Busway_A_A3_Seg_12"
                {
                }

                over "Busway_A_A1_Seg_3"
                {
                }

                over "wall_l0_v_044"
                {
                }

                over "rt_clg_fws_main_s_Tap_clg_cdu_a4"
                {
                }

                over "LV_Cable_GEN_B_MSB_B_Seg_2"
                {
                }

                over "clg_man_a_r1_s_Tap_18"
                {
                }

                over "Busway_B_A2_Drop_18"
                {
                }

                over "Busway_A_A3_Tap_6"
                {
                }

                over "Busway_B_A3_Drop_10"
                {
                }

                over "Busway_A_A2_Seg_17"
                {
                }

                over "clg_man_a_r4_r_Seg_11"
                {
                    over "Port"
                    {
                    }

                    over "Port_f48434"
                    {
                    }
                }

                over "LV_Cable_MCC_A_clg_dos_1_Bend_1"
                {
                }

                over "door_elec_a_s"
                {
                }

                over "Data_Tray_B2_Branch_9"
                {
                }

                over "Data_Tray_A1_Branch_7"
                {
                }

                over "LV_Cable_MCC_A_clg_crah_b1_Seg_2"
                {
                }

                over "Busway_B_A1_Tap_18"
                {
                }

                over "Data_Tray_B3_Drop_19"
                {
                }

                over "rt_clg_fwp_2_s_Riser"
                {
                    over "Port"
                    {
                    }

                    over "Port_7be3a3"
                    {
                    }
                }

                over "DC_Cable_BAT_B2_UPS_B2_Seg_1"
                {
                }

                over "Busway_A_B3_Tap_1"
                {
                }

                over "Busway_B_A4_Seg_7"
                {
                }

                over "LV_Cable_UOB_A_PDU_A_A4_Seg_2"
                {
                }

                over "wall_l0_h_029"
                {
                }

                over "LV_Cable_UOB_A_PDU_A_A3_Seg_3"
                {
                }

                over "wall_l0_h_025"
                {
                }

                over "Fire_Suppression"
                {
                    over "AVA_Fire_Suppression"
                    {
                    }
                }

                over "Data_Tray_A3_Drop_1"
                {
                }

                over "Busway_A_A3_Tap_13"
                {
                }

                over "Data_Tray_B4_Seg_3"
                {
                }

                over "LV_Cable_MCC_A_clg_dos_1_Seg_1"
                {
                }

                over "Busway_B_B4_Seg_6"
                {
                }

                over "Data_Tray_B4_Drop_5"
                {
                }

                over "Busway_B_A2_Tap_18"
                {
                }

                over "clg_man_a_r4_s_Seg_17"
                {
                    over "Port"
                    {
                    }

                    over "Port_ca334a"
                    {
                    }
                }

                over "Data_Tray_B2_Seg_12"
                {
                }

                over "rt_clg_fws_main_s_Seg_11"
                {
                    over "Port"
                    {
                    }

                    over "Port_6674b3"
                    {
                    }
                }

                over "rt_clg_chw_hdr_e_r_Seg_3"
                {
                    over "Port"
                    {
                    }

                    over "Port_f82f4c"
                    {
                    }
                }

                over "rack_a_r3_07_Supply_Hose"
                {
                    over "Port"
                    {
                    }

                    over "Port_9ad865"
                    {
                    }
                }

                over "Busway_A_A1_Seg_13"
                {
                }

                over "LV_Cable_MCC_A_clg_crah_b2_Seg_1"
                {
                }

                over "clg_man_a_r2_r_Tap_5"
                {
                }

                over "rt_clg_chp_2_r_Leg"
                {
                    over "Port"
                    {
                    }

                    over "Port_f7cbcb"
                    {
                    }
                }

                over "rack_a_r2_06_Return_Hose"
                {
                    over "Port"
                    {
                    }

                    over "Port_c527b8"
                    {
                    }
                }

                over "Busway_A_B4_Tap_5"
                {
                }

                over "Busway_A_A2_Seg_14"
                {
                }

                over "clg_man_a_r1_s_Seg_8"
                {
                    over "Port"
                    {
                    }

                    over "Port_fea097"
                    {
                    }
                }

                over "Busway_B_B3_Drop_16"
                {
                }

                over "col_025"
                {
                }

                over "Busway_B_A2_Drop_1"
                {
                }

                over "LV_Cable_UOB_B_PDU_B_A4_Seg_2"
                {
                }

                over "rt_clg_chw_main_s_Tap_clg_chp_3"
                {
                }

                over "rt_clg_fws_main_r_Tap_clg_fwp_3"
                {
                }

                over "Data_Tray_A1_Branch_14"
                {
                }

                over "Data_Tray_B3_Seg_2"
                {
                }

                over "Busway_A_A2_Tap_18"
                {
                }

                over "Busway_A_B3_Tap_18"
                {
                }

                over "Data_Tray_B2_Drop_14"
                {
                }

                over "Busway_A_A3_Tap_1"
                {
                }

                over "LV_Cable_MCC_B_clg_fwp_2_Seg_2"
                {
                }

                over "wall_l0_h_020"
                {
                }

                over "Busway_B_B3_Seg_1"
                {
                }

                over "clg_man_a_r1_r_Tap_10"
                {
                }

                over "rack_a_r2_17_Supply_Hose"
                {
                    over "Port"
                    {
                    }

                    over "Port_c4b49a"
                    {
                    }
                }

                over "Data_Tray_A3_Branch_16"
                {
                }

                over "Busway_B_B4_Seg_8"
                {
                }

                over "Busway_A_A1_Tap_11"
                {
                }

                over "Busway_A_B2_Drop_18"
                {
                }

                over "Busway_A_A2_Seg_11"
                {
                }

                over "clg_man_a_r1_r_Tap_9"
                {
                }

                over "Busway_A_B3_Drop_2"
                {
                }

                over "Busway_B_A3_Tap_2"
                {
                }

                over "Busway_B_A1_Drop_11"
                {
                }

                over "rt_clg_chp_3_r_Elbow"
                {
                }

                over "rack_a_r4_12_Return_Hose"
                {
                    over "Port"
                    {
                    }

                    over "Port_a6bfe0"
                    {
                    }
                }

                over "Data_Tray_B2_Drop_12"
                {
                }

                over "rack_a_r3_12_Supply_Hose"
                {
                    over "Port"
                    {
                    }

                    over "Port_993b88"
                    {
                    }
                }

                over "Busway_B_B2_Drop_7"
                {
                }

                over "Busway_A_A2_Drop_15"
                {
                }

                over "Data_Tray_B3_Drop_16"
                {
                }

                over "col_052"
                {
                }

                over "Busway_A_A4_Seg_5"
                {
                }

                over "Data_Spine_A_Bend_1"
                {
                }

                over "Busway_A_A2_Seg_9"
                {
                }

                over "clg_man_a_r2_r_Tap_2"
                {
                }

                over "Busway_A_A4_Seg_1"
                {
                }

                over "door_elec_a"
                {
                }

                over "rt_clg_fws_main_r_Tap_clg_cdu_a2"
                {
                }

                over "Busway_B_B3_Tap_2"
                {
                }

                over "rack_a_r1_05_Return_Hose"
                {
                    over "Port"
                    {
                    }

                    over "Port_8377ae"
                    {
                    }
                }

                over "wall_l0_h_015"
                {
                }

                over "clg_man_a_r1_r_Seg_12"
                {
                    over "Port"
                    {
                    }

                    over "Port_eebcba"
                    {
                    }
                }

                over "Data_Tray_A4_Seg_4"
                {
                }

                over "rack_a_r1_14_Return_Hose"
                {
                    over "Port"
                    {
                    }

                    over "Port_f28c5d"
                    {
                    }
                }

                over "wall_l0_v_057"
                {
                }

                over "LV_Cable_UOB_B_PDU_B_A1_Seg_1"
                {
                }

                over "rt_clg_fws_yard_r_Tap_main"
                {
                }

                over "door_mmr_1"
                {
                }

                over "Busway_A_B4_Seg_6"
                {
                }

                over "LV_Cable_MCC_A_clg_chp_1_Seg_2"
                {
                }

                over "rt_clg_fws_main_s_Seg_1"
                {
                    over "Port"
                    {
                    }

                    over "Port_f9026f"
                    {
                    }
                }

                over "Data_Tray_A3_Branch_14"
                {
                }

                over "rt_clg_chw_hdr_e_s_Tap_clg_crah_b4"
                {
                }

                over "LV_Cable_GEN_A_MSB_A_Bend_1"
                {
                }

                over "clg_man_a_r1_s_Seg_19"
                {
                    over "Port"
                    {
                    }

                    over "Port_b77272"
                    {
                    }
                }

                over "Busway_A_B3_Drop_20"
                {
                }

                over "clg_man_a_r1_r_Tap_12"
                {
                }

                over "Busway_A_A3_Drop_14"
                {
                }

                over "clg_man_a_r2_s_Tap_17"
                {
                }

                over "rt_clg_tcs_hdr_r_Seg_3"
                {
                    over "Port"
                    {
                    }

                    over "Port_b0dc09"
                    {
                    }
                }

                over "clg_man_a_r4_r_Seg_3"
                {
                    over "Port"
                    {
                    }

                    over "Port_d3798f"
                    {
                    }
                }

                over "rack_a_r4_20_Supply_Hose"
                {
                    over "Port"
                    {
                    }

                    over "Port_7c7e58"
                    {
                    }
                }

                over "Data_Tray_B1_Branch_18"
                {
                }

                over "clg_man_a_r4_s_Tap_11"
                {
                }

                over "Busway_B_A1_Seg_18"
                {
                }

                over "LV_Cable_MCC_B_clg_drc_3_Seg_1"
                {
                }

                over "Busway_A_B2_Drop_4"
                {
                }

                over "wall_l0_h_037"
                {
                }

                over "Busway_A_A1_Tap_9"
                {
                }

                over "LV_Cable_UOB_A_PDU_A_A4_Seg_1"
                {
                }

                over "Busway_B_B1_Tap_16"
                {
                }

                over "Data_Tray_A1_Drop_20"
                {
                }

                over "Data_Tray_A4_Drop_7"
                {
                }

                over "clg_man_a_r1_s_Tap_17"
                {
                }

                over "Busway_B_B4_Tap_2"
                {
                }

                over "rt_clg_cdu_a3_pri_r_Seg_1"
                {
                    over "Port"
                    {
                    }

                    over "Port_5bf568"
                    {
                    }
                }

                over "Office_Link"
                {
                }

                over "Busway_A_A1_Drop_4"
                {
                }

                over "rack_a_r1_12_Return_Hose"
                {
                    over "Port"
                    {
                    }

                    over "Port_84972e"
                    {
                    }
                }

                over "Busway_A_B4_Drop_5"
                {
                }

                over "rack_a_r2_07_Supply_Hose"
                {
                    over "Port"
                    {
                    }

                    over "Port_e6fd26"
                    {
                    }
                }

                over "Busway_A_A1_Drop_13"
                {
                }

                over "Busway_A_B1_Tap_14"
                {
                }

                over "Busway_A_A1_Drop_12"
                {
                }

                over "Busway_A_B1_Drop_3"
                {
                }

                over "LV_Cable_MCC_B_clg_crah_b5_Seg_2"
                {
                }

                over "rack_a_r4_05_Return_Hose"
                {
                    over "Port"
                    {
                    }

                    over "Port_6a5e2e"
                    {
                    }
                }

                over "Busway_B_A1_Tap_8"
                {
                }

                over "LV_Cable_MCC_B_clg_crah_b6_Bend_1"
                {
                }

                over "Data_Tray_B2_Drop_7"
                {
                }

                over "Busway_B_B2_Tap_11"
                {
                }

                over "clg_man_a_r1_r_Seg_5"
                {
                    over "Port"
                    {
                    }

                    over "Port_f92b76"
                    {
                    }
                }

                over "Data_Tray_B3_Drop_14"
                {
                }

                over "col_027"
                {
                }

                over "LV_Cable_UOB_A_PDU_A_A3_Bend_2"
                {
                }

                over "Busway_A_B3_Seg_18"
                {
                }

                over "Data_Tray_B4_Branch_3"
                {
                }

                over "Busway_A_B3_Seg_20"
                {
                }

                over "clg_man_a_r3_r_Seg_13"
                {
                    over "Port"
                    {
                    }

                    over "Port_b43ea2"
                    {
                    }
                }

                over "col_010"
                {
                }

                over "clg_man_a_r3_r_Seg_16"
                {
                    over "Port"
                    {
                    }

                    over "Port_ca2507"
                    {
                    }
                }

                over "Busway_A_A1_Drop_2"
                {
                }

                over "clg_crah_b5_Feed_Stub"
                {
                    over "Port"
                    {
                    }

                    over "Port_f0f1de"
                    {
                    }
                }

                over "Data_Tray_A1_Seg_16"
                {
                }

                over "Busway_A_B1_Drop_10"
                {
                }

                over "slab_ground_office"
                {
                }

                over "clg_man_a_r4_r_Tap_9"
                {
                }

                over "Busway_A_A4_Drop_6"
                {
                }

                over "Busway_A_B4_Seg_7"
                {
                }

                over "Busway_B_A3_Tap_17"
                {
                }

                over "Data_Tray_A1_Drop_3"
                {
                }

                over "Busway_A_B1_Seg_18"
                {
                }

                over "Data_Tray_A2_Drop_5"
                {
                }

                over "clg_crah_b5_Riser_Stub"
                {
                    over "Port"
                    {
                    }

                    over "Port_b70595"
                    {
                    }
                }

                over "Busway_A_A2_Tap_20"
                {
                }

                over "Busway_B_B4_Drop_16"
                {
                }

                over "Data_Tray_A3_Branch_4"
                {
                }

                over "Data_Tray_B4_Branch_5"
                {
                }

                over "clg_man_a_r3_r_Tap_3"
                {
                }

                over "rt_clg_chw_hdr_n_s_Seg_1"
                {
                    over "Port"
                    {
                    }

                    over "Port_77cacf"
                    {
                    }
                }

                over "Busway_A_B4_Tap_19"
                {
                }

                over "LV_Cable_MCC_B_clg_ahu_1_Seg_2"
                {
                }

                over "Data_Tray_A4_Seg_11"
                {
                }

                over "rack_a_r3_05_Supply_Hose"
                {
                    over "Port"
                    {
                    }

                    over "Port_03ecbd"
                    {
                    }
                }

                over "clg_man_a_r1_s_Seg_16"
                {
                    over "Port"
                    {
                    }

                    over "Port_6db5f7"
                    {
                    }
                }

                over "Data_Tray_A2_Seg_11"
                {
                }

                over "Data_Tray_A3_Drop_15"
                {
                }

                over "Busway_A_A1_Drop_15"
                {
                }

                over "clg_man_a_r1_r_Tap_16"
                {
                }

                over "Busway_B_B3_Tap_12"
                {
                }

                over "clg_man_a_r1_r_Seg_7"
                {
                    over "Port"
                    {
                    }

                    over "Port_9d1ae0"
                    {
                    }
                }

                over "rack_a_r1_07_Return_Hose"
                {
                    over "Port"
                    {
                    }

                    over "Port_f00cf0"
                    {
                    }
                }

                over "rack_a_r3_04_Supply_Hose"
                {
                    over "Port"
                    {
                    }

                    over "Port_515fa5"
                    {
                    }
                }

                over "clg_man_a_r4_r_Seg_1"
                {
                    over "Port"
                    {
                    }

                    over "Port_824a6e"
                    {
                    }
                }

                over "Data_Tray_B4_Drop_10"
                {
                }

                over "clg_man_a_r2_s_Seg_5"
                {
                    over "Port"
                    {
                    }

                    over "Port_a72fc5"
                    {
                    }
                }

                over "Busway_A_B3_Seg_16"
                {
                }

                over "Busway_A_A2_Seg_1"
                {
                }

                over "rack_a_r2_19_Return_Hose"
                {
                    over "Port"
                    {
                    }

                    over "Port_7e7e09"
                    {
                    }
                }

                over "Data_Tray_B3_Seg_14"
                {
                }

                over "LV_Cable_MCC_A_clg_cdu_a1_Seg_2"
                {
                }

                over "Busway_A_A3_Tap_20"
                {
                }

                over "Data_Tray_B3_Seg_11"
                {
                }

                over "Busway_B_B3_Tap_8"
                {
                }

                over "LV_Cable_MCC_A_clg_dos_1_Seg_2"
                {
                }

                over "Busway_B_A4_Tap_20"
                {
                }

                over "rt_clg_man_a_r1_feed_r_Seg_1"
                {
                    over "Port"
                    {
                    }

                    over "Port_e3603b"
                    {
                    }
                }

                over "clg_man_a_r2_r_Tap_8"
                {
                }

                over "Data_Tray_B4_Seg_8"
                {
                }

                over "Data_Tray_A2_Bend_20"
                {
                }

                over "LV_Cable_MSB_A_UPS_A2_Seg_1"
                {
                }

                over "Data_Tray_A2_Branch_18"
                {
                }

                over "Busway_A_A1_Seg_10"
                {
                }

                over "rt_clg_fws_main_r_Bend_4"
                {
                }

                over "Busway_A_A4_Drop_11"
                {
                }

                over "clg_man_a_r4_s_Seg_19"
                {
                    over "Port"
                    {
                    }

                    over "Port_d4eeae"
                    {
                    }
                }

                over "clg_man_a_r2_r_Seg_4"
                {
                    over "Port"
                    {
                    }

                    over "Port_d979f4"
                    {
                    }
                }

                over "Busway_A_B3_Seg_15"
                {
                }

                over "Busway_A_B3_Seg_1"
                {
                }

                over "LV_Cable_MCC_B_clg_fwp_3_Seg_1"
                {
                }

                over "Data_Tray_B1_Branch_8"
                {
                }

                over "LV_Cable_MCC_B_clg_chp_2_Seg_1"
                {
                }

                over "Busway_B_A2_Tap_1"
                {
                }

                over "Busway_B_A2_Seg_7"
                {
                }

                over "Busway_B_A3_Tap_5"
                {
                }

                over "LV_Cable_MCC_A_clg_drc_2_Seg_2"
                {
                }

                over "Data_Tray_B1_Drop_20"
                {
                }

                over "Busway_A_B1_Drop_19"
                {
                }

                over "rack_a_r1_04_Return_Hose"
                {
                    over "Port"
                    {
                    }

                    over "Port_eaf1ff"
                    {
                    }
                }

                over "Data_Tray_B4_Drop_7"
                {
                }

                over "clg_man_a_r4_s_Seg_15"
                {
                    over "Port"
                    {
                    }

                    over "Port_a559b9"
                    {
                    }
                }

                over "Busway_A_A3_Seg_11"
                {
                }

                over "Busway_B_A3_Drop_17"
                {
                }

                over "wall_l0_h_016"
                {
                }

                over "Busway_B_B2_Tap_10"
                {
                }

                over "Fuel_Line_FT_B_GEN_B_Seg_2"
                {
                    over "Port"
                    {
                    }

                    over "Port_c7ebec"
                    {
                    }
                }

                over "Busway_A_A4_Tap_4"
                {
                }

                over "LV_Cable_MSB_B_UPS_B2_Bend_1"
                {
                }

                over "rack_a_r1_01_Return_Hose"
                {
                    over "Port"
                    {
                    }

                    over "Port_726712"
                    {
                    }
                }

                over "Busway_A_A4_Drop_18"
                {
                }

                over "door_water"
                {
                }

                over "rack_a_r2_20_Return_Hose"
                {
                    over "Port"
                    {
                    }

                    over "Port_e4d2d7"
                    {
                    }
                }

                over "Data_Tray_B2_Branch_17"
                {
                }

                over "Data_Tray_A1_Drop_9"
                {
                }

                over "LV_Cable_UOB_B_PDU_B_A2_Bend_2"
                {
                }

                over "Busway_A_A1_Seg_7"
                {
                }

                over "Busway_B_A1_Tap_3"
                {
                }

                over "Busway_A_A4_Drop_4"
                {
                }

                over "door_mmr_2"
                {
                }

                over "Data_Tray_A1_Branch_12"
                {
                }

                over "clg_man_a_r1_r_Seg_4"
                {
                    over "Port"
                    {
                    }

                    over "Port_c052ba"
                    {
                    }
                }

                over "Data_Tray_B4_Seg_11"
                {
                }

                over "Busway_B_A3_Tap_10"
                {
                }

                over "slab_ground_main"
                {
                }

                over "wall_l0_v_071"
                {
                }

                over "Busway_B_A4_Tap_12"
                {
                }

                over "clg_crah_b3_Feed_Stub"
                {
                    over "Port"
                    {
                    }

                    over "Port_893c45"
                    {
                    }
                }

                over "LV_Cable_MSB_B_MCC_B_Seg_1"
                {
                }

                over "Busway_A_B4_Tap_9"
                {
                }

                over "Busway_B_B4_Drop_7"
                {
                }

                over "col_019"
                {
                }

                over "clg_man_a_r4_r_Seg_14"
                {
                    over "Port"
                    {
                    }

                    over "Port_7cf625"
                    {
                    }
                }

                over "Data_Tray_A4_Drop_5"
                {
                }

                over "Busway_A_B4_Tap_3"
                {
                }

                over "wall_l0_h_038"
                {
                }

                over "clg_man_a_r1_r_Seg_11"
                {
                    over "Port"
                    {
                    }

                    over "Port_2e3407"
                    {
                    }
                }

                over "Busway_A_B1_Drop_9"
                {
                }

                over "clg_man_a_r2_s_Tap_15"
                {
                }

                over "clg_man_a_r2_s_Tap_10"
                {
                }

                over "rack_a_r4_15_Supply_Hose"
                {
                    over "Port"
                    {
                    }

                    over "Port_d782db"
                    {
                    }
                }

                over "clg_man_a_r1_r_Seg_6"
                {
                    over "Port"
                    {
                    }

                    over "Port_176220"
                    {
                    }
                }

                over "Busway_B_A4_Drop_8"
                {
                }

                over "rack_a_r1_17_Supply_Hose"
                {
                    over "Port"
                    {
                    }

                    over "Port_4e0cd9"
                    {
                    }
                }

                over "Data_Tray_A2_Drop_18"
                {
                }

                over "clg_man_a_r4_r_Tap_11"
                {
                }

                over "Data_Tray_B1_Drop_19"
                {
                }

                over "Data_Tray_A1_Drop_2"
                {
                }

                over "LV_Cable_UOB_B_PDU_B_A3_Seg_3"
                {
                }

                over "Data_Tray_B3_Seg_20"
                {
                }

                over "Busway_A_B1_Tap_19"
                {
                }

                over "clg_man_a_r1_s_Tap_6"
                {
                }

                over "rt_clg_fwp_2_r_Riser"
                {
                    over "Port"
                    {
                    }

                    over "Port_dcacec"
                    {
                    }
                }

                over "clg_man_a_r1_s_Tap_14"
                {
                }

                over "Busway_A_A1_Tap_14"
                {
                }

                over "Data_Tray_B2_Seg_9"
                {
                }

                over "door_lobby_corr"
                {
                }

                over "Busway_A_B3_Tap_16"
                {
                }

                over "LV_Cable_UOB_B_PDU_B_B3_Seg_2"
                {
                }

                over "rack_a_r1_06_Supply_Hose"
                {
                    over "Port"
                    {
                    }

                    over "Port_e89914"
                    {
                    }
                }

                over "Data_Tray_B1_Branch_3"
                {
                }

                over "clg_man_a_r1_s_Seg_9"
                {
                    over "Port"
                    {
                    }

                    over "Port_c29e64"
                    {
                    }
                }

                over "Data_Tray_B2_Branch_3"
                {
                }

                over "Busway_A_B2_Seg_11"
                {
                }

                over "Busway_B_B2_Seg_8"
                {
                }

                over "clg_man_a_r2_r_Seg_12"
                {
                    over "Port"
                    {
                    }

                    over "Port_d444bb"
                    {
                    }
                }

                over "Busway_B_B3_Drop_18"
                {
                }

                over "rt_clg_chw_main_r_Tap_clg_hx_1"
                {
                }

                over "Busway_A_A2_Drop_3"
                {
                }

                over "clg_man_a_r3_r_Tap_17"
                {
                }

                over "rack_a_r2_09_Supply_Hose"
                {
                    over "Port"
                    {
                    }

                    over "Port_ec15a3"
                    {
                    }
                }

                over "wall_l0_v_073"
                {
                }

                over "LV_Cable_MCC_B_clg_fwp_3_Bend_1"
                {
                }

                over "rt_clg_fws_main_s_Tap_clg_fwp_1"
                {
                }

                over "rack_a_r2_09_Return_Hose"
                {
                    over "Port"
                    {
                    }

                    over "Port_60249d"
                    {
                    }
                }

                over "Busway_B_B2_Tap_6"
                {
                }

                over "door_fire"
                {
                }

                over "Data_Tray_A3_Drop_3"
                {
                }

                over "door_meeting"
                {
                }

                over "LV_Cable_UOB_B_PDU_B_B4_Seg_2"
                {
                }

                over "Data_Tray_A2_Branch_7"
                {
                }

                over "Busway_A_B1_Drop_6"
                {
                }

                over "Busway_A_A1_Tap_3"
                {
                }

                over "LV_Cable_MCC_A_clg_chp_1_Bend_1"
                {
                }

                over "Data_Tray_A4_Branch_16"
                {
                }

                over "Busway_B_A2_Tap_14"
                {
                }

                over "LV_Cable_UOB_B_PDU_B_A2_Bend_1"
                {
                }

                over "Busway_B_B2_Seg_17"
                {
                }

                over "Data_Tray_A4_Seg_17"
                {
                }

                over "Data_Tray_A2_Seg_16"
                {
                }

                over "Data_Tray_A2_Branch_4"
                {
                }

                over "clg_man_a_r1_s_Seg_14"
                {
                    over "Port"
                    {
                    }

                    over "Port_d2e169"
                    {
                    }
                }

                over "wall_l0_h_019"
                {
                }

                over "Busway_B_B3_Drop_20"
                {
                }

                over "Busway_A_B1_Drop_11"
                {
                }

                over "clg_man_a_r3_s_Seg_5"
                {
                    over "Port"
                    {
                    }

                    over "Port_a5357c"
                    {
                    }
                }

                over "Data_Tray_B3_Drop_8"
                {
                }

                over "Busway_B_B2_Seg_10"
                {
                }

                over "Busway_B_B4_Drop_11"
                {
                }

                over "DC_Cable_BAT_B1_UPS_B1_Seg_1"
                {
                }

                over "LV_Cable_UOB_B_PDU_B_B2_Seg_3"
                {
                }

                over "Busway_B_A4_Drop_4"
                {
                }

                over "Busway_A_B2_Seg_16"
                {
                }

                over "clg_man_a_r4_r_Seg_5"
                {
                    over "Port"
                    {
                    }

                    over "Port_df345d"
                    {
                    }
                }

                over "Busway_A_A4_Seg_19"
                {
                }

                over "LV_Cable_MSB_A_MCC_A_Seg_1"
                {
                }

                over "Busway_A_B2_Tap_4"
                {
                }

                over "Data_Tray_A1_Seg_3"
                {
                }

                over "Busway_B_A1_Seg_9"
                {
                }

                over "clg_man_a_r2_r_Seg_9"
                {
                    over "Port"
                    {
                    }

                    over "Port_5d88ef"
                    {
                    }
                }

                over "Busway_A_A1_Seg_6"
                {
                }

                over "Data_Tray_A2_Branch_5"
                {
                }

                over "Data_Tray_A3_Branch_17"
                {
                }

                over "Data_Tray_B2_Branch_12"
                {
                }

                over "wall_l0_v_066"
                {
                }

                over "Busway_B_A2_Seg_6"
                {
                }

                over "clg_man_a_r2_r_Tap_9"
                {
                }

                over "clg_man_a_r2_s_Seg_15"
                {
                    over "Port"
                    {
                    }

                    over "Port_d0e5c6"
                    {
                    }
                }

                over "clg_crah_b6_Feed_Stub"
                {
                    over "Port"
                    {
                    }

                    over "Port_c77fbc"
                    {
                    }
                }

                over "Busway_B_B4_Seg_3"
                {
                }

                over "Data_Tray_B4_Drop_13"
                {
                }

                over "rt_clg_fws_main_s_Seg_6"
                {
                    over "Port"
                    {
                    }

                    over "Port_bab98b"
                    {
                    }
                }

                over "Data_Tray_A1_Branch_13"
                {
                }

                over "Busway_B_A1_Tap_5"
                {
                }

                over "Data_Tray_A1_Branch_5"
                {
                }

                over "clg_man_a_r1_r_Seg_2"
                {
                    over "Port"
                    {
                    }

                    over "Port_ff736e"
                    {
                    }
                }

                over "Busway_A_B3_Seg_5"
                {
                }

                over "Data_Tray_A4_Drop_16"
                {
                }

                over "rt_clg_cdu_a2_pri_r_Seg_1"
                {
                    over "Port"
                    {
                    }

                    over "Port_dc917b"
                    {
                    }
                }

                over "LV_Cable_UOB_A_PDU_A_A2_Seg_3"
                {
                }

                over "LV_Cable_UPS_B3_UOB_B_Seg_2"
                {
                }

                over "rt_clg_chw_hdr_e_r_Tap_clg_crah_b5"
                {
                }

                over "LV_Cable_MCC_A_clg_drc_1_Seg_2"
                {
                }

                over "Busway_B_A3_Drop_19"
                {
                }

                over "clg_man_a_r3_s_Tap_3"
                {
                }

                over "col_072"
                {
                }

                over "Busway_A_A1_Seg_20"
                {
                }

                over "Data_Tray_A1_Branch_4"
                {
                }

                over "rt_clg_fws_main_s_Bend_2"
                {
                }

                over "Stair_L00"
                {
                    over "Office_Stair"
                    {
                    }
                }

                over "Busway_A_A2_Tap_4"
                {
                }

                over "Busway_B_A3_Drop_6"
                {
                }

                over "Data_Tray_A2_Drop_1"
                {
                }

                over "Busway_A_B4_Tap_18"
                {
                }

                over "Busway_B_A2_Seg_15"
                {
                }

                over "Busway_B_B3_Seg_9"
                {
                }

                over "door_hall_a_s"
                {
                }

                over "Data_Tray_A4_Drop_18"
                {
                }

                over "Busway_A_B2_Drop_11"
                {
                }

                over "Busway_A_A4_Tap_9"
                {
                }

                over "clg_man_a_r2_r_Bend_20"
                {
                }

                over "Busway_A_B4_Tap_17"
                {
                }

                over "Busway_B_B1_Seg_14"
                {
                }

                over "Busway_A_B1_Seg_11"
                {
                }

                over "Busway_B_B1_Tap_11"
                {
                }

                over "wall_l0_v_056"
                {
                }

                over "LV_Cable_MCC_A_clg_ch_1_Seg_1"
                {
                }

                over "Busway_B_A2_Seg_16"
                {
                }

                over "Busway_B_A3_Seg_4"
                {
                }

                over "Busway_B_B3_Drop_11"
                {
                }

                over "clg_man_a_r1_r_Seg_9"
                {
                    over "Port"
                    {
                    }

                    over "Port_d4b477"
                    {
                    }
                }

                over "Busway_A_A1_Seg_8"
                {
                }

                over "rt_clg_man_a_r2_feed_r_Seg_1"
                {
                    over "Port"
                    {
                    }

                    over "Port_dc9942"
                    {
                    }
                }

                over "Busway_A_B3_Tap_15"
                {
                }

                over "Busway_B_A2_Tap_4"
                {
                }

                over "Busway_A_B4_Tap_16"
                {
                }

                over "Busway_A_A4_Seg_10"
                {
                }

                over "Busway_A_A3_Tap_10"
                {
                }

                over "LV_Cable_UOB_A_PDU_A_A2_Seg_2"
                {
                }

                over "Data_Tray_B4_Seg_4"
                {
                }

                over "Busway_A_A2_Tap_17"
                {
                }

                over "rack_a_r3_04_Return_Hose"
                {
                    over "Port"
                    {
                    }

                    over "Port_ecfb55"
                    {
                    }
                }

                over "clg_man_a_r1_s_Seg_4"
                {
                    over "Port"
                    {
                    }

                    over "Port_a7527b"
                    {
                    }
                }

                over "Busway_A_B1_Tap_8"
                {
                }

                over "rack_a_r3_01_Return_Hose"
                {
                    over "Port"
                    {
                    }

                    over "Port_fea1d9"
                    {
                    }
                }

                over "Busway_A_B3_Drop_6"
                {
                }

                over "rack_a_r1_13_Supply_Hose"
                {
                    over "Port"
                    {
                    }

                    over "Port_b32007"
                    {
                    }
                }

                over "LV_Cable_UOB_A_PDU_A_B3_Bend_2"
                {
                }

                over "clg_man_a_r2_s_Tap_4"
                {
                }

                over "Busway_A_A1_Tap_17"
                {
                }

                over "Busway_B_B3_Drop_15"
                {
                }

                over "Data_Tray_B2_Branch_2"
                {
                }

                over "LV_Cable_UOB_A_PDU_A_A1_Bend_1"
                {
                }

                over "rack_a_r3_16_Supply_Hose"
                {
                    over "Port"
                    {
                    }

                    over "Port_feb112"
                    {
                    }
                }

                over "Data_Tray_B3_Drop_2"
                {
                }

                over "Busway_B_B4_Tap_11"
                {
                }

                over "door_batt_a_i"
                {
                }

                over "rack_a_r2_08_Supply_Hose"
                {
                    over "Port"
                    {
                    }

                    over "Port_99a47b"
                    {
                    }
                }

                over "Data_Tray_A4_Branch_6"
                {
                }

                over "Busway_B_A3_Seg_3"
                {
                }

                over "Data_Tray_B4_Bend_20"
                {
                }

                over "Data_Tray_B1_Seg_18"
                {
                }

                over "clg_man_a_r1_r_Tap_8"
                {
                }

                over "Data_Tray_B4_Drop_3"
                {
                }

                over "rt_clg_man_a_r3_feed_s_Seg_1"
                {
                    over "Port"
                    {
                    }

                    over "Port_90af4f"
                    {
                    }
                }

                over "Data_Tray_B2_Seg_11"
                {
                }

                over "clg_man_a_r1_s_Tap_5"
                {
                }

                over "LV_Cable_MCC_A_clg_fwp_1_Seg_1"
                {
                }

                over "clg_man_a_r2_s_Seg_2"
                {
                    over "Port"
                    {
                    }

                    over "Port_f16fdf"
                    {
                    }
                }

                over "Busway_B_A2_Seg_10"
                {
                }

                over "Busway_A_A1_Seg_2"
                {
                }

                over "rt_clg_ahu_1_r_Seg_1"
                {
                    over "Port"
                    {
                    }

                    over "Port_f3cdf9"
                    {
                    }
                }

                over "Data_Tray_A3_Branch_15"
                {
                }

                over "clg_man_a_r4_s_Seg_18"
                {
                    over "Port"
                    {
                    }

                    over "Port_770757"
                    {
                    }
                }

                over "LV_Cable_UPS_A2_UOB_A_Seg_1"
                {
                }

                over "HV_Cable_RMU_B_TX_B_Seg_2"
                {
                }

                over "Busway_A_B3_Seg_2"
                {
                }

                over "rack_a_r3_19_Return_Hose"
                {
                    over "Port"
                    {
                    }

                    over "Port_b7e8c4"
                    {
                    }
                }

                over "rt_clg_chw_main_r_Tap_clg_ahu_1"
                {
                }

                over "rack_a_r1_15_Supply_Hose"
                {
                    over "Port"
                    {
                    }

                    over "Port_538c19"
                    {
                    }
                }

                over "col_007"
                {
                }

                over "Busway_B_B2_Drop_9"
                {
                }

                over "col_023"
                {
                }

                over "Busway_A_B3_Seg_14"
                {
                }

                over "Busway_B_B3_Seg_19"
                {
                }

                over "Data_Tray_A2_Drop_17"
                {
                }

                over "Busway_B_A1_Tap_1"
                {
                }

                over "Busway_A_A4_Seg_4"
                {
                }

                over "LV_Cable_UPS_A3_UOB_A_Seg_2"
                {
                }

                over "Data_Tray_A1_Seg_18"
                {
                }

                over "Data_Tray_B4_Drop_19"
                {
                }

                over "Busway_B_B3_Seg_2"
                {
                }

                over "Busway_A_B4_Drop_16"
                {
                }

                over "Busway_B_B4_Drop_5"
                {
                }

                over "clg_man_a_r4_s_Bend_20"
                {
                }

                over "Busway_A_B2_Seg_20"
                {
                }

                over "Busway_A_B2_Seg_19"
                {
                }

                over "Data_Tray_B4_Seg_10"
                {
                }

                over "Data_Tray_B2_Seg_4"
                {
                }

                over "rt_clg_chw_hdr_e_r_Seg_1"
                {
                    over "Port"
                    {
                    }

                    over "Port_c4d953"
                    {
                    }
                }

                over "Busway_A_B4_Drop_8"
                {
                }

                over "Data_Tray_B3_Branch_13"
                {
                }

                over "clg_man_a_r3_s_Tap_1"
                {
                }

                over "Data_Tray_B4_Drop_18"
                {
                }

                over "rt_clg_chw_main_s_Seg_3"
                {
                    over "Port"
                    {
                    }

                    over "Port_a0c37b"
                    {
                    }
                }

                over "Busway_B_B2_Seg_20"
                {
                }

                over "Data_Tray_B4_Branch_4"
                {
                }

                over "Busway_A_A1_Seg_18"
                {
                }

                over "Busway_A_B1_Tap_3"
                {
                }

                over "Busway_A_B2_Drop_6"
                {
                }

                over "Data_Tray_B4_Branch_16"
                {
                }

                over "rt_clg_fws_main_s_Seg_3"
                {
                    over "Port"
                    {
                    }

                    over "Port_2e3326"
                    {
                    }
                }

                over "Busway_A_A2_Tap_8"
                {
                }

                over "rack_a_r3_11_Supply_Hose"
                {
                    over "Port"
                    {
                    }

                    over "Port_f84f39"
                    {
                    }
                }

                over "rack_a_r2_13_Supply_Hose"
                {
                    over "Port"
                    {
                    }

                    over "Port_ff12f0"
                    {
                    }
                }

                over "Data_Tray_A3_Seg_10"
                {
                }

                over "rt_clg_chp_3_s_Leg"
                {
                    over "Port"
                    {
                    }

                    over "Port_ec7020"
                    {
                    }
                }

                over "Busway_A_A3_Seg_13"
                {
                }

                over "LV_Cable_UPS_B3_UOB_B_Seg_1"
                {
                }

                over "rt_clg_chw_hdr_w_r_Seg_4"
                {
                    over "Port"
                    {
                    }

                    over "Port_71b72e"
                    {
                    }
                }

                over "wall_l0_h_027"
                {
                }

                over "col_070"
                {
                }

                over "Data_Tray_A2_Seg_12"
                {
                }

                over "Busway_B_A2_Tap_3"
                {
                }

                over "Busway_A_A1_Tap_7"
                {
                }

                over "Data_Tray_A3_Branch_2"
                {
                }

                over "Busway_B_B2_Tap_3"
                {
                }

                over "Busway_A_A3_Tap_7"
                {
                }

                over "Data_Tray_B1_Drop_6"
                {
                }

                over "Data_Tray_A3_Branch_10"
                {
                }

                over "Busway_B_A3_Tap_1"
                {
                }

                over "clg_man_a_r3_s_Tap_4"
                {
                }

                over "clg_man_a_r4_r_Tap_1"
                {
                }

                over "clg_man_a_r4_r_Bend_20"
                {
                }

                over "clg_man_a_r1_s_Tap_12"
                {
                }

                over "rt_clg_fwp_1_r_Riser"
                {
                    over "Port"
                    {
                    }

                    over "Port_f680d5"
                    {
                    }
                }

                over "Data_Tray_A2_Branch_12"
                {
                }

                over "Busway_B_B1_Seg_20"
                {
                }

                over "Busway_B_B2_Seg_3"
                {
                }

                over "Busway_A_B1_Drop_14"
                {
                }

                over "clg_man_a_r4_s_Tap_12"
                {
                }

                over "Busway_A_A1_Drop_17"
                {
                }

                over "Data_Tray_A4_Drop_9"
                {
                }

                over "rack_a_r2_10_Return_Hose"
                {
                    over "Port"
                    {
                    }

                    over "Port_e959cb"
                    {
                    }
                }

                over "Data_Tray_B4_Seg_16"
                {
                }

                over "Busway_A_A2_Tap_12"
                {
                }

                over "Busway_B_A1_Drop_14"
                {
                }

                over "Busway_A_A1_Drop_20"
                {
                }

                over "clg_man_a_r1_s_Seg_13"
                {
                    over "Port"
                    {
                    }

                    over "Port_abc0b8"
                    {
                    }
                }

                over "clg_man_a_r2_r_Seg_16"
                {
                    over "Port"
                    {
                    }

                    over "Port_28481d"
                    {
                    }
                }

                over "Busway_B_A2_Drop_20"
                {
                }

                over "col_036"
                {
                }

                over "Busway_A_B2_Drop_20"
                {
                }

                over "Busway_B_A3_Seg_16"
                {
                }

                over "Data_Tray_A2_Branch_14"
                {
                }

                over "clg_crah_b2_Riser_Stub"
                {
                    over "Port"
                    {
                    }

                    over "Port_83aa2a"
                    {
                    }
                }

                over "Busway_A_B2_Tap_19"
                {
                }

                over "Data_Tray_B4_Seg_1"
                {
                }

                over "Busway_B_B4_Tap_14"
                {
                }

                over "Data_Tray_A3_Seg_8"
                {
                }

                over "Data_Tray_B1_Drop_18"
                {
                }

                over "clg_man_a_r1_s_Tap_15"
                {
                }

                over "Data_Spine_B_Seg_2"
                {
                }

                over "col_067"
                {
                }

                over "Busway_B_A2_Drop_2"
                {
                }

                over "Data_Tray_B1_Branch_6"
                {
                }

                over "clg_man_a_r3_r_Seg_10"
                {
                    over "Port"
                    {
                    }

                    over "Port_d92e45"
                    {
                    }
                }

                over "Busway_B_A1_Seg_7"
                {
                }

                over "Busway_A_B4_Drop_7"
                {
                }

                over "clg_man_a_r3_s_Seg_7"
                {
                    over "Port"
                    {
                    }

                    over "Port_a24305"
                    {
                    }
                }

                over "Busway_B_B1_Tap_12"
                {
                }

                over "LV_Cable_UOB_B_PDU_B_A4_Seg_3"
                {
                }

                over "LV_Cable_MSB_A_UPS_A4_Seg_2"
                {
                }

                over "clg_man_a_r4_r_Seg_19"
                {
                    over "Port"
                    {
                    }

                    over "Port_60fbbb"
                    {
                    }
                }

                over "clg_man_a_r2_s_Seg_1"
                {
                    over "Port"
                    {
                    }

                    over "Port_c8bbf1"
                    {
                    }
                }

                over "rt_clg_tcs_hdr_r_Seg_2"
                {
                    over "Port"
                    {
                    }

                    over "Port_fa84e0"
                    {
                    }
                }

                over "rt_clg_cdu_a2_sec_r_Seg_1"
                {
                    over "Port"
                    {
                    }

                    over "Port_8e78ec"
                    {
                    }
                }

                over "rack_a_r2_06_Supply_Hose"
                {
                    over "Port"
                    {
                    }

                    over "Port_cc0339"
                    {
                    }
                }

                over "Busway_B_A4_Seg_16"
                {
                }

                over "Busway_B_B4_Seg_12"
                {
                }

                over "Busway_A_A4_Seg_13"
                {
                }

                over "Busway_A_A4_Tap_8"
                {
                }

                over "clg_man_a_r1_r_Seg_10"
                {
                    over "Port"
                    {
                    }

                    over "Port_3e0ed5"
                    {
                    }
                }

                over "rt_clg_man_a_r4_feed_r_Seg_1"
                {
                    over "Port"
                    {
                    }

                    over "Port_f0911f"
                    {
                    }
                }

                over "Data_Tray_A2_Branch_19"
                {
                }

                over "Data_Tray_A2_Branch_11"
                {
                }

                over "Busway_B_B3_Drop_12"
                {
                }

                over "Busway_B_B1_Seg_11"
                {
                }

                over "Busway_B_A3_Tap_12"
                {
                }

                over "rack_a_r2_10_Supply_Hose"
                {
                    over "Port"
                    {
                    }

                    over "Port_fe6f93"
                    {
                    }
                }

                over "rt_clg_chw_hdr_e_s_Tap_clg_crah_b6"
                {
                }

                over "Ring_Beam_S"
                {
                }

                over "Busway_A_A3_Drop_3"
                {
                }

                over "Data_Tray_A3_Branch_12"
                {
                }

                over "DC_Cable_BAT_A3_UPS_A3_Seg_1"
                {
                }

                over "Busway_B_B2_Seg_1"
                {
                }

                over "Busway_B_A3_Tap_4"
                {
                }

                over "rt_clg_fws_main_r_Bend_3"
                {
                }

                over "rt_clg_fws_main_r_Tap_clg_cdu_a4"
                {
                }

                over "Data_Tray_A1_Seg_19"
                {
                }

                over "rack_a_r1_15_Return_Hose"
                {
                    over "Port"
                    {
                    }

                    over "Port_73e65d"
                    {
                    }
                }

                over "clg_man_a_r3_r_Tap_18"
                {
                }

                over "rt_clg_fws_main_r_Tap_clg_bt_1"
                {
                }

                over "rt_clg_bt_1_s_Seg_1"
                {
                    over "Port"
                    {
                    }

                    over "Port_e5a175"
                    {
                    }
                }

                over "Busway_A_A3_Tap_3"
                {
                }

                over "Data_Tray_B2_Drop_3"
                {
                }

                over "Busway_B_B3_Drop_2"
                {
                }

                over "Data_Tray_B3_Seg_19"
                {
                }

                over "clg_man_a_r2_r_Tap_19"
                {
                }

                over "Data_Tray_A4_Branch_11"
                {
                }

                over "rack_a_r2_16_Supply_Hose"
                {
                    over "Port"
                    {
                    }

                    over "Port_e1b1b1"
                    {
                    }
                }

                over "Busway_A_B4_Seg_1"
                {
                }

                over "LV_Cable_MCC_A_clg_drc_2_Seg_1"
                {
                }

                over "Busway_A_B3_Drop_3"
                {
                }

                over "Data_Tray_B4_Seg_20"
                {
                }

                over "Data_Tray_A3_Bend_20"
                {
                }

                over "Busway_A_B2_Drop_1"
                {
                }

                over "Data_Tray_B1_Drop_8"
                {
                }

                over "rt_clg_drc_4_r_Seg_1"
                {
                    over "Port"
                    {
                    }

                    over "Port_76d4ec"
                    {
                    }
                }

                over "Busway_A_B4_Drop_10"
                {
                }

                over "col_030"
                {
                }

                over "Busway_B_A2_Drop_19"
                {
                }

                over "Data_Tray_A3_Branch_19"
                {
                }

                over "Data_Tray_A4_Drop_11"
                {
                }

                over "door_corr_w"
                {
                }

                over "Busway_A_B1_Tap_10"
                {
                }

                over "Data_Tray_B2_Branch_6"
                {
                }

                over "LV_Cable_TX_A_MSB_A_Seg_2"
                {
                }

                over "clg_man_a_r3_r_Tap_8"
                {
                }

                over "Busway_B_B2_Drop_20"
                {
                }

                over "wall_l0_h_030"
                {
                }

                over "rack_a_r1_03_Return_Hose"
                {
                    over "Port"
                    {
                    }

                    over "Port_ea4b64"
                    {
                    }
                }

                over "LV_Cable_UOB_B_PDU_B_B4_Bend_1"
                {
                }

                over "door_hall_b_s"
                {
                }

                over "Busway_A_A2_Tap_1"
                {
                }

                over "wall_l0_h_013"
                {
                }

                over "Busway_A_B4_Seg_15"
                {
                }

                over "door_hall_a_e"
                {
                }

                over "wall_l0_v_045"
                {
                }

                over "DC_Cable_BAT_A1_UPS_A1_Seg_1"
                {
                }

                over "Data_Tray_A4_Seg_6"
                {
                }

                over "Data_Tray_A2_Seg_20"
                {
                }

                over "Busway_B_B1_Tap_13"
                {
                }

                over "clg_man_a_r3_r_Tap_16"
                {
                }

                over "Data_Tray_B4_Branch_15"
                {
                }

                over "LV_Cable_MSB_A_UPS_A2_Bend_1"
                {
                }

                over "rt_clg_chw_main_s_Bend_2"
                {
                }

                over "Busway_A_B1_Drop_13"
                {
                }

                over "LV_Cable_MCC_B_clg_ch_2_Bend_1"
                {
                }

                over "LV_Cable_MCC_B_clg_ahu_1_Seg_1"
                {
                }

                over "Busway_A_A1_Seg_15"
                {
                }

                over "Busway_A_B1_Drop_16"
                {
                }

                over "clg_man_a_r3_r_Seg_14"
                {
                    over "Port"
                    {
                    }

                    over "Port_eebdda"
                    {
                    }
                }

                over "LV_Cable_UOB_B_PDU_B_B3_Bend_2"
                {
                }

                over "Busway_B_B3_Seg_12"
                {
                }

                over "Busway_B_B1_Drop_8"
                {
                }

                over "Busway_A_B4_Drop_9"
                {
                }

                over "Busway_A_A1_Seg_4"
                {
                }

                over "Data_Tray_B3_Seg_9"
                {
                }

                over "clg_man_a_r4_s_Seg_20"
                {
                    over "Port"
                    {
                    }

                    over "Port_8d627a"
                    {
                    }
                }

                over "Data_Tray_A3_Seg_9"
                {
                }

                over "HV_Cable_RMU_A_TX_A_Seg_1"
                {
                }

                over "Busway_A_A3_Tap_18"
                {
                }

                over "LV_Cable_MSB_A_UPS_A3_Seg_2"
                {
                }

                over "Busway_A_B4_Tap_7"
                {
                }

                over "Data_Tray_A4_Seg_3"
                {
                }

                over "col_020"
                {
                }

                over "Busway_B_A3_Seg_2"
                {
                }

                over "Data_Tray_A3_Drop_6"
                {
                }

                over "Busway_B_B4_Drop_12"
                {
                }

                over "Data_Tray_A1_Drop_6"
                {
                }

                over "Data_Tray_A3_Branch_9"
                {
                }

                over "Busway_A_A1_Drop_5"
                {
                }

                over "Busway_B_A4_Drop_20"
                {
                }

                over "Busway_B_A4_Seg_17"
                {
                }

                over "rack_a_r1_11_Supply_Hose"
                {
                    over "Port"
                    {
                    }

                    over "Port_985405"
                    {
                    }
                }

                over "rack_a_r1_12_Supply_Hose"
                {
                    over "Port"
                    {
                    }

                    over "Port_e6349d"
                    {
                    }
                }

                over "Data_Tray_B3_Branch_16"
                {
                }

                over "Busway_A_B2_Drop_19"
                {
                }

                over "rt_clg_chw_hdr_w_s_Seg_2"
                {
                    over "Port"
                    {
                    }

                    over "Port_c57738"
                    {
                    }
                }

                over "Data_Tray_B3_Seg_16"
                {
                }

                over "Data_Tray_B3_Seg_5"
                {
                }

                over "Busway_B_A3_Seg_5"
                {
                }

                over "Busway_B_A4_Seg_15"
                {
                }

                over "Busway_A_A1_Seg_9"
                {
                }

                over "Main_Entrance"
                {
                }

                over "col_024"
                {
                }

                over "clg_man_a_r2_r_Tap_3"
                {
                }

                over "wall_l0_h_018"
                {
                }

                over "rack_a_r4_02_Return_Hose"
                {
                    over "Port"
                    {
                    }

                    over "Port_d4452e"
                    {
                    }
                }

                over "clg_man_a_r2_r_Seg_1"
                {
                    over "Port"
                    {
                    }

                    over "Port_807bbe"
                    {
                    }
                }

                over "clg_man_a_r2_r_Seg_10"
                {
                    over "Port"
                    {
                    }

                    over "Port_beaa4f"
                    {
                    }
                }

                over "door_plant"
                {
                }

                over "Busway_A_A3_Seg_9"
                {
                }

                over "Busway_B_B1_Seg_16"
                {
                }

                over "Busway_B_A1_Seg_14"
                {
                }

                over "Busway_B_A3_Seg_13"
                {
                }

                over "Busway_B_B3_Drop_10"
                {
                }

                over "Busway_A_B4_Drop_1"
                {
                }

                over "Busway_B_B2_Tap_20"
                {
                }

                over "Busway_B_B1_Seg_18"
                {
                }

                over "clg_man_a_r4_s_Seg_10"
                {
                    over "Port"
                    {
                    }

                    over "Port_23cdb9"
                    {
                    }
                }

                over "Data_Tray_B3_Drop_1"
                {
                }

                over "clg_man_a_r3_s_Seg_2"
                {
                    over "Port"
                    {
                    }

                    over "Port_b0990f"
                    {
                    }
                }

                over "clg_man_a_r2_s_Seg_19"
                {
                    over "Port"
                    {
                    }

                    over "Port_b7c436"
                    {
                    }
                }

                over "Ring_Beam_N"
                {
                }

                over "Data_Tray_B4_Branch_10"
                {
                }

                over "Busway_B_B1_Drop_17"
                {
                }

                over "rt_clg_chp_3_s_Riser"
                {
                    over "Port"
                    {
                    }

                    over "Port_e66a7a"
                    {
                    }
                }

                over "rack_a_r4_20_Return_Hose"
                {
                    over "Port"
                    {
                    }

                    over "Port_b54d07"
                    {
                    }
                }

                over "DC_Cable_BAT_B4_UPS_B4_Seg_1"
                {
                }

                over "Data_Tray_B1_Drop_14"
                {
                }

                over "Busway_B_B4_Tap_1"
                {
                }

                over "rt_clg_chw_hdr_e_r_Tap_clg_crah_b4"
                {
                }

                over "Data_Tray_A4_Branch_7"
                {
                }

                over "Data_Tray_B2_Seg_3"
                {
                }

                over "Busway_A_B1_Seg_14"
                {
                }

                over "Busway_A_A2_Drop_16"
                {
                }

                over "Busway_A_A1_Tap_10"
                {
                }

                over "Busway_A_B1_Seg_15"
                {
                }

                over "col_078"
                {
                }

                over "Busway_B_A2_Drop_6"
                {
                }

                over "rack_a_r1_20_Return_Hose"
                {
                    over "Port"
                    {
                    }

                    over "Port_532e64"
                    {
                    }
                }

                over "Data_Tray_B3_Seg_7"
                {
                }

                over "Busway_B_B4_Drop_15"
                {
                }

                over "rt_clg_fwp_2_r_Leg"
                {
                    over "Port"
                    {
                    }

                    over "Port_8f863c"
                    {
                    }
                }

                over "Busway_A_B1_Tap_13"
                {
                }

                over "LV_Cable_UPS_B1_UOB_B_Bend_1"
                {
                }

                over "LV_Cable_MCC_A_clg_crah_b2_Bend_1"
                {
                }

                over "Busway_A_A4_Seg_16"
                {
                }

                over "Data_Tray_A4_Drop_12"
                {
                }

                over "door_elec_b"
                {
                }

                over "Busway_A_B3_Tap_5"
                {
                }

                over "clg_man_a_r2_s_Tap_9"
                {
                }

                over "wall_l0_h_024"
                {
                }

                over "col_043"
                {
                }

                over "rt_clg_chw_main_r_Seg_4"
                {
                    over "Port"
                    {
                    }

                    over "Port_ab4286"
                    {
                    }
                }

                over "Busway_A_A3_Tap_4"
                {
                }

                over "Data_Tray_A2_Seg_13"
                {
                }

                over "Data_Tray_B1_Drop_10"
                {
                }

                over "LV_Cable_UOB_B_PDU_B_B2_Bend_2"
                {
                }

                over "Busway_B_A3_Drop_3"
                {
                }

                over "Busway_B_B2_Drop_2"
                {
                }

                over "Busway_B_B4_Seg_11"
                {
                }

                over "rt_clg_chw_hdr_w_s_Tap_clg_crah_b1"
                {
                }

                over "clg_man_a_r3_r_Tap_2"
                {
                }

                over "clg_man_a_r2_s_Seg_9"
                {
                    over "Port"
                    {
                    }

                    over "Port_64bd1f"
                    {
                    }
                }

                over "Data_Tray_A2_Seg_3"
                {
                }

                over "LV_Cable_UOB_B_PDU_B_B4_Bend_2"
                {
                }

                over "Busway_B_B4_Tap_15"
                {
                }

                over "rt_clg_fws_main_s_Seg_10"
                {
                    over "Port"
                    {
                    }

                    over "Port_0fc066"
                    {
                    }
                }

                over "rt_clg_hx_1_r_Seg_1"
                {
                    over "Port"
                    {
                    }

                    over "Port_b5bb1f"
                    {
                    }
                }

                over "Busway_B_B4_Tap_17"
                {
                }

                over "rt_clg_chw_hdr_w_r_Tap_main"
                {
                }

                over "Busway_B_A2_Drop_11"
                {
                }

                over "Data_Tray_B3_Seg_8"
                {
                }

                over "Busway_A_A2_Drop_9"
                {
                }

                over "Busway_A_B2_Tap_18"
                {
                }

                over "Busway_A_A4_Tap_13"
                {
                }

                over "rt_clg_chp_3_s_Elbow"
                {
                }

                over "rt_clg_chw_hdr_e_r_Tap_clg_crah_b6"
                {
                }

                over "wall_l0_h_006"
                {
                }

                over "wall_l0_v_050"
                {
                }

                over "Busway_B_A4_Seg_10"
                {
                }

                over "Busway_B_A4_Tap_9"
                {
                }

                over "rt_clg_cdu_a1_sec_r_Seg_1"
                {
                    over "Port"
                    {
                    }

                    over "Port_401732"
                    {
                    }
                }

                over "LV_Cable_UOB_A_PDU_A_B1_Seg_3"
                {
                }

                over "Busway_A_B3_Seg_17"
                {
                }

                over "LV_Cable_TX_A_MSB_A_Bend_1"
                {
                }

                over "wall_l0_h_001"
                {
                }

                over "Busway_B_A2_Tap_8"
                {
                }

                over "rt_clg_hx_1_s_Seg_1"
                {
                    over "Port"
                    {
                    }

                    over "Port_d5ee42"
                    {
                    }
                }

                over "Busway_B_A2_Seg_1"
                {
                }

                over "Busway_A_A1_Tap_20"
                {
                }

                over "Spine_Stub_B4_Seg_1"
                {
                }

                over "Data_Tray_B3_Branch_3"
                {
                }

                over "Busway_A_A2_Seg_7"
                {
                }

                over "Busway_A_A3_Tap_8"
                {
                }

                over "Data_Tray_B4_Branch_6"
                {
                }

                over "Data_Spine_B_Bend_1"
                {
                }

                over "Data_Tray_A1_Branch_2"
                {
                }

                over "Busway_A_B3_Tap_9"
                {
                }

                over "Busway_B_B4_Seg_15"
                {
                }

                over "Data_Tray_B1_Bend_20"
                {
                }

                over "Data_Tray_B4_Branch_2"
                {
                }

                over "rt_clg_drc_1_s_Seg_1"
                {
                    over "Port"
                    {
                    }

                    over "Port_595b04"
                    {
                    }
                }

                over "Busway_A_A3_Tap_17"
                {
                }

                over "Data_Tray_B3_Drop_9"
                {
                }

                over "clg_crah_b1_Feed_Stub"
                {
                    over "Port"
                    {
                    }

                    over "Port_8b9f16"
                    {
                    }
                }

                over "rt_clg_chw_hdr_e_s_Seg_3"
                {
                    over "Port"
                    {
                    }

                    over "Port_215aa9"
                    {
                    }
                }

                over "rt_clg_fws_main_r_Seg_5"
                {
                    over "Port"
                    {
                    }

                    over "Port_c8bdfe"
                    {
                    }
                }

                over "LV_Cable_MSB_B_HDB_B_Bend_1"
                {
                }

                over "LV_Cable_UOB_B_PDU_B_B4_Seg_3"
                {
                }

                over "Data_Tray_A3_Branch_3"
                {
                }

                over "Data_Tray_A1_Drop_18"
                {
                }

                over "LV_Cable_UOB_A_PDU_A_A2_Seg_1"
                {
                }

                over "rt_clg_chp_1_s_Elbow"
                {
                }

                over "Busway_B_B4_Tap_7"
                {
                }

                over "Busway_B_A3_Drop_15"
                {
                }

                over "Data_Tray_B4_Branch_13"
                {
                }

                over "Busway_B_A3_Tap_3"
                {
                }

                over "Data_Tray_A2_Drop_7"
                {
                }

                over "rt_clg_hx_1_chw_r_Seg_1"
                {
                    over "Port"
                    {
                    }

                    over "Port_a072fb"
                    {
                    }
                }

                over "Busway_B_B3_Drop_6"
                {
                }

                over "col_012"
                {
                }

                over "rt_clg_fwp_2_r_Elbow"
                {
                }

                over "Busway_B_A4_Drop_17"
                {
                }

                over "rt_clg_fws_main_s_Tap_clg_bt_1"
                {
                }

                over "Busway_B_A4_Drop_7"
                {
                }

                over "Busway_B_B1_Tap_18"
                {
                }

                over "Data_Tray_B1_Seg_9"
                {
                }

                over "clg_man_a_r4_s_Tap_18"
                {
                }

                over "clg_ch_2_Feed_Stub"
                {
                    over "Port"
                    {
                    }

                    over "Port_e0aa36"
                    {
                    }
                }

                over "Busway_B_B1_Drop_6"
                {
                }

                over "clg_man_a_r3_s_Tap_12"
                {
                }

                over "rack_a_r4_19_Return_Hose"
                {
                    over "Port"
                    {
                    }

                    over "Port_da4119"
                    {
                    }
                }

                over "LV_Cable_MSB_A_HDB_A_Bend_1"
                {
                }

                over "rack_a_r4_10_Return_Hose"
                {
                    over "Port"
                    {
                    }

                    over "Port_927891"
                    {
                    }
                }

                over "clg_man_a_r4_s_Seg_7"
                {
                    over "Port"
                    {
                    }

                    over "Port_c9ae7f"
                    {
                    }
                }

                over "Data_Tray_A4_Drop_3"
                {
                }

                over "clg_man_a_r3_s_Seg_15"
                {
                    over "Port"
                    {
                    }

                    over "Port_8c5f5b"
                    {
                    }
                }

                over "Data_Tray_A4_Seg_14"
                {
                }

                over "Busway_A_A1_Drop_9"
                {
                }

                over "Busway_B_B4_Seg_7"
                {
                }

                over "Busway_B_A1_Seg_8"
                {
                }

                over "Busway_A_B3_Seg_3"
                {
                }

                over "rt_clg_fws_main_s_Seg_4"
                {
                    over "Port"
                    {
                    }

                    over "Port_70f5e4"
                    {
                    }
                }

                over "Busway_B_B2_Seg_6"
                {
                }

                over "Data_Tray_B2_Branch_11"
                {
                }

                over "Data_Spine_A_Seg_3"
                {
                }

                over "clg_man_a_r4_r_Tap_19"
                {
                }

                over "Data_Tray_A2_Branch_9"
                {
                }

                over "Busway_A_A4_Seg_15"
                {
                }

                over "clg_man_a_r4_s_Tap_7"
                {
                }

                over "Busway_A_A3_Seg_17"
                {
                }

                over "Busway_A_A3_Tap_16"
                {
                }

                over "Busway_A_A2_Tap_13"
                {
                }

                over "Data_Tray_A4_Seg_10"
                {
                }

                over "Data_Tray_A3_Drop_11"
                {
                }

                over "clg_man_a_r1_s_Seg_18"
                {
                    over "Port"
                    {
                    }

                    over "Port_c35b76"
                    {
                    }
                }

                over "Busway_B_A4_Drop_2"
                {
                }

                over "Data_Spine_A_Bend_2"
                {
                }

                over "Data_Tray_B4_Seg_9"
                {
                }

                over "Busway_A_A1_Tap_12"
                {
                }

                over "Data_Tray_B3_Seg_12"
                {
                }

                over "LV_Cable_UOB_B_PDU_B_B2_Seg_2"
                {
                }

                over "Data_Tray_A2_Drop_19"
                {
                }

                over "Busway_B_B3_Tap_15"
                {
                }

                over "Busway_A_A1_Drop_7"
                {
                }

                over "Busway_B_A1_Seg_10"
                {
                }

                over "Busway_A_A2_Seg_10"
                {
                }

                over "clg_crah_b4_Riser_Stub"
                {
                    over "Port"
                    {
                    }

                    over "Port_98fbcd"
                    {
                    }
                }

                over "Data_Tray_A2_Seg_14"
                {
                }

                over "Busway_A_B2_Seg_15"
                {
                }

                over "Data_Tray_B2_Drop_17"
                {
                }

                over "rack_a_r4_17_Supply_Hose"
                {
                    over "Port"
                    {
                    }

                    over "Port_3fbab0"
                    {
                    }
                }

                over "Data_Tray_B3_Branch_7"
                {
                }

                over "clg_man_a_r4_r_Seg_7"
                {
                    over "Port"
                    {
                    }

                    over "Port_62f18f"
                    {
                    }
                }

                over "Data_Tray_B2_Seg_18"
                {
                }

                over "Busway_B_A4_Drop_16"
                {
                }

                over "Busway_B_B2_Seg_12"
                {
                }

                over "Data_Tray_A3_Drop_19"
                {
                }

                over "clg_man_a_r1_r_Seg_18"
                {
                    over "Port"
                    {
                    }

                    over "Port_d6057a"
                    {
                    }
                }

                over "Busway_A_A3_Drop_10"
                {
                }

                over "Busway_A_A4_Tap_15"
                {
                }

                over "Data_Tray_A1_Branch_10"
                {
                }

                over "rt_clg_chw_main_r_Seg_5"
                {
                    over "Port"
                    {
                    }

                    over "Port_a9f1e5"
                    {
                    }
                }

                over "Busway_A_A4_Tap_17"
                {
                }

                over "Busway_B_A1_Drop_16"
                {
                }

                over "Busway_A_A2_Tap_19"
                {
                }

                over "LV_Cable_GEN_B_MSB_B_Bend_1"
                {
                }

                over "Busway_B_B4_Drop_2"
                {
                }

                over "Data_Tray_A1_Branch_18"
                {
                }

                over "Busway_B_B3_Drop_13"
                {
                }

                over "LV_Cable_UOB_B_PDU_B_B3_Seg_3"
                {
                }

                over "Data_Tray_B1_Branch_2"
                {
                }

                over "Busway_A_B1_Seg_4"
                {
                }

                over "Busway_A_B1_Seg_12"
                {
                }

                over "clg_man_a_r3_s_Tap_7"
                {
                }

                over "Data_Tray_A4_Seg_16"
                {
                }

                over "LV_Cable_UOB_B_PDU_B_A2_Seg_1"
                {
                }

                over "LV_Cable_MCC_A_clg_crah_b1_Bend_1"
                {
                }

                over "Busway_B_A3_Tap_15"
                {
                }

                over "Busway_B_A2_Tap_7"
                {
                }

                over "rt_clg_fwp_3_s_Riser"
                {
                    over "Port"
                    {
                    }

                    over "Port_9b5beb"
                    {
                    }
                }

                over "LV_Cable_MSB_B_HDB_B_Seg_2"
                {
                }

                over "Busway_B_A2_Seg_5"
                {
                }

                over "Data_Tray_B2_Seg_20"
                {
                }

                over "col_061"
                {
                }

                over "LV_Cable_MCC_B_clg_fwp_2_Bend_1"
                {
                }

                over "rt_clg_fws_main_r_Seg_11"
                {
                    over "Port"
                    {
                    }

                    over "Port_656c1d"
                    {
                    }
                }

                over "Busway_B_B3_Tap_11"
                {
                }

                over "Busway_B_B1_Drop_16"
                {
                }

                over "Busway_A_B3_Drop_11"
                {
                }

                over "Data_Tray_B2_Seg_8"
                {
                }

                over "rt_clg_chw_main_s_Tap_clg_ch_1"
                {
                }

                over "Busway_B_A1_Tap_2"
                {
                }

                over "Busway_B_B3_Seg_7"
                {
                }

                over "Data_Tray_B3_Seg_1"
                {
                }

                over "Busway_A_A4_Tap_6"
                {
                }

                over "Busway_A_A4_Tap_16"
                {
                }

                over "Busway_A_B3_Seg_6"
                {
                }

                over "clg_man_a_r2_r_Seg_15"
                {
                    over "Port"
                    {
                    }

                    over "Port_a09b8d"
                    {
                    }
                }

                over "Busway_B_A3_Drop_4"
                {
                }

                over "LV_Cable_UOB_B_PDU_B_B1_Bend_2"
                {
                }

                over "clg_man_a_r3_s_Seg_20"
                {
                    over "Port"
                    {
                    }

                    over "Port_a540f7"
                    {
                    }
                }

                over "door_plant_fire"
                {
                }

                over "Data_Tray_A1_Seg_7"
                {
                }

                over "Busway_B_A1_Drop_3"
                {
                }

                over "rt_clg_fwp_3_r_Elbow"
                {
                }

                over "LV_Cable_UOB_A_PDU_A_B1_Seg_1"
                {
                }

                over "rack_a_r4_16_Return_Hose"
                {
                    over "Port"
                    {
                    }

                    over "Port_f67fc4"
                    {
                    }
                }

                over "clg_man_a_r4_r_Seg_20"
                {
                    over "Port"
                    {
                    }

                    over "Port_fc2a55"
                    {
                    }
                }

                over "rack_a_r3_12_Return_Hose"
                {
                    over "Port"
                    {
                    }

                    over "Port_50bf5a"
                    {
                    }
                }

                over "Data_Tray_A2_Drop_16"
                {
                }

                over "clg_man_a_r1_r_Tap_7"
                {
                }

                over "Data_Tray_A3_Seg_13"
                {
                }

                over "LV_Cable_MCC_B_clg_drc_4_Bend_1"
                {
                }

                over "Busway_B_B4_Seg_10"
                {
                }

                over "Busway_B_A3_Seg_11"
                {
                }

                over "Data_Tray_A3_Drop_18"
                {
                }

                over "rack_a_r3_13_Return_Hose"
                {
                    over "Port"
                    {
                    }

                    over "Port_306a31"
                    {
                    }
                }

                over "Fuel_Line_FT_A_GEN_A_Bend_1"
                {
                }

                over "Busway_A_B2_Seg_17"
                {
                }

                over "Busway_A_B3_Tap_14"
                {
                }

                over "clg_man_a_r2_s_Tap_7"
                {
                }

                over "Data_Tray_B2_Seg_5"
                {
                }

                over "Busway_A_A3_Drop_9"
                {
                }

                over "Busway_A_B1_Drop_17"
                {
                }

                over "rt_clg_fws_main_s_Seg_7"
                {
                    over "Port"
                    {
                    }

                    over "Port_cbf477"
                    {
                    }
                }

                over "Busway_B_B4_Seg_17"
                {
                }

                over "Data_Tray_B1_Seg_7"
                {
                }

                over "Data_Tray_A4_Seg_1"
                {
                }

                over "Busway_A_A3_Seg_6"
                {
                }

                over "Busway_A_B1_Drop_4"
                {
                }

                over "Data_Tray_A1_Drop_13"
                {
                }

                over "clg_man_a_r3_s_Tap_18"
                {
                }

                over "Office_Data_Tray_Seg_2"
                {
                }

                over "wall_l0_v_062"
                {
                }

                over "Busway_B_B3_Seg_6"
                {
                }

                over "Data_Tray_A3_Branch_5"
                {
                }

                over "Busway_B_B1_Tap_5"
                {
                }

                over "Spine_Stub_A1_Seg_1"
                {
                }

                over "clg_man_a_r1_s_Seg_11"
                {
                    over "Port"
                    {
                    }

                    over "Port_92f4ae"
                    {
                    }
                }

                over "Busway_B_A2_Tap_2"
                {
                }

                over "clg_man_a_r4_r_Tap_14"
                {
                }

                over "col_033"
                {
                }

                over "Busway_B_A1_Seg_19"
                {
                }

                over "Busway_B_B1_Drop_4"
                {
                }

                over "Busway_A_A2_Drop_8"
                {
                }

                over "clg_man_a_r4_r_Tap_3"
                {
                }

                over "Busway_B_A2_Tap_6"
                {
                }

                over "Busway_A_A3_Drop_4"
                {
                }

                over "wall_l0_v_054"
                {
                }

                over "clg_man_a_r3_s_Tap_2"
                {
                }

                over "col_006"
                {
                }

                over "rt_clg_fws_main_r_Seg_7"
                {
                    over "Port"
                    {
                    }

                    over "Port_ef75dd"
                    {
                    }
                }

                over "LV_Cable_MCC_B_clg_chp_3_Seg_1"
                {
                }

                over "clg_man_a_r2_r_Tap_6"
                {
                }

                over "Data_Tray_A4_Drop_13"
                {
                }

                over "LV_Cable_UPS_A2_UOB_A_Bend_1"
                {
                }

                over "clg_man_a_r2_r_Seg_13"
                {
                    over "Port"
                    {
                    }

                    over "Port_aa7da5"
                    {
                    }
                }

                over "rack_a_r2_08_Return_Hose"
                {
                    over "Port"
                    {
                    }

                    over "Port_eb1187"
                    {
                    }
                }

                over "door_batt_b_i"
                {
                }

                over "Busway_A_B4_Drop_4"
                {
                }

                over "Data_Tray_B4_Drop_14"
                {
                }

                over "Data_Tray_B2_Seg_14"
                {
                }

                over "Busway_A_A4_Drop_16"
                {
                }

                over "clg_man_a_r2_r_Tap_4"
                {
                }

                over "Data_Tray_B3_Drop_11"
                {
                }

                over "Busway_B_A3_Seg_18"
                {
                }

                over "clg_man_a_r2_r_Seg_17"
                {
                    over "Port"
                    {
                    }

                    over "Port_c4936b"
                    {
                    }
                }

                over "Busway_B_A4_Seg_4"
                {
                }

                over "rack_a_r4_09_Supply_Hose"
                {
                    over "Port"
                    {
                    }

                    over "Port_df04b7"
                    {
                    }
                }

                over "Busway_A_A3_Seg_18"
                {
                }

                over "Busway_B_B2_Seg_14"
                {
                }

                over "Busway_B_B1_Seg_10"
                {
                }

                over "Busway_B_B4_Drop_14"
                {
                }

                over "clg_man_a_r4_s_Tap_13"
                {
                }

                over "clg_man_a_r1_r_Tap_6"
                {
                }

                over "Busway_B_A3_Drop_20"
                {
                }

                over "col_035"
                {
                }

                over "rack_a_r2_12_Supply_Hose"
                {
                    over "Port"
                    {
                    }

                    over "Port_a7e92a"
                    {
                    }
                }

                over "Data_Tray_B2_Drop_5"
                {
                }

                over "wall_l0_v_046"
                {
                }

                over "LV_Cable_TX_B_MSB_B_Seg_2"
                {
                }

                over "rack_a_r1_03_Supply_Hose"
                {
                    over "Port"
                    {
                    }

                    over "Port_df2f2c"
                    {
                    }
                }

                over "clg_man_a_r3_s_Tap_11"
                {
                }

                over "rack_a_r4_18_Supply_Hose"
                {
                    over "Port"
                    {
                    }

                    over "Port_e4fb49"
                    {
                    }
                }

                over "clg_man_a_r4_r_Seg_12"
                {
                    over "Port"
                    {
                    }

                    over "Port_54f536"
                    {
                    }
                }

                over "Data_Tray_B2_Seg_1"
                {
                }

                over "Data_Tray_B3_Seg_6"
                {
                }

                over "Busway_B_B3_Tap_7"
                {
                }

                over "col_046"
                {
                }

                over "LV_Cable_UPS_A3_UOB_A_Seg_1"
                {
                }

                over "Data_Tray_A4_Branch_15"
                {
                }

                over "LV_Cable_MCC_A_clg_fwp_1_Seg_2"
                {
                }

                over "col_002"
                {
                }

                over "LV_Cable_UOB_A_PDU_A_A3_Seg_2"
                {
                }

                over "Data_Tray_A2_Branch_3"
                {
                }

                over "Data_Tray_A4_Branch_10"
                {
                }

                over "Busway_B_B1_Seg_3"
                {
                }

                over "Busway_B_B1_Tap_9"
                {
                }

                over "Data_Tray_B4_Seg_7"
                {
                }

                over "clg_man_a_r2_r_Tap_11"
                {
                }

                over "Busway_B_A1_Seg_2"
                {
                }

                over "clg_man_a_r1_s_Seg_2"
                {
                    over "Port"
                    {
                    }

                    over "Port_e9d90c"
                    {
                    }
                }

                over "LV_Cable_UOB_A_PDU_A_B3_Seg_3"
                {
                }

                over "LV_Cable_UPS_B2_UOB_B_Seg_1"
                {
                }

                over "clg_man_a_r3_r_Seg_12"
                {
                    over "Port"
                    {
                    }

                    over "Port_a01869"
                    {
                    }
                }

                over "rt_clg_chw_main_r_Tap_clg_ch_2"
                {
                }

                over "Busway_B_B3_Tap_17"
                {
                }

                over "rack_a_r3_10_Return_Hose"
                {
                    over "Port"
                    {
                    }

                    over "Port_969879"
                    {
                    }
                }

                over "Busway_B_A4_Tap_13"
                {
                }

                over "wall_l0_h_026"
                {
                }

                over "rt_clg_drc_3_r_Seg_1"
                {
                    over "Port"
                    {
                    }

                    over "Port_5a15cf"
                    {
                    }
                }

                over "Busway_B_A1_Tap_19"
                {
                }

                over "col_057"
                {
                }

                over "Busway_B_A4_Tap_3"
                {
                }

                over "rt_clg_fws_main_s_Seg_12"
                {
                    over "Port"
                    {
                    }

                    over "Port_ed1f6c"
                    {
                    }
                }

                over "rack_a_r2_19_Supply_Hose"
                {
                    over "Port"
                    {
                    }

                    over "Port_d3d579"
                    {
                    }
                }

                over "Busway_B_B4_Drop_10"
                {
                }

                over "Busway_B_B4_Seg_4"
                {
                }

                over "clg_man_a_r2_r_Seg_5"
                {
                    over "Port"
                    {
                    }

                    over "Port_7e2157"
                    {
                    }
                }

                over "LV_Cable_UPS_B4_UOB_B_Seg_1"
                {
                }

                over "Busway_B_B3_Seg_14"
                {
                }

                over "LV_Cable_MCC_B_clg_crah_b4_Seg_2"
                {
                }

                over "Busway_A_A2_Seg_15"
                {
                }

                over "Busway_B_A1_Seg_13"
                {
                }

                over "Busway_B_A4_Seg_1"
                {
                }

                over "Data_Tray_A2_Branch_2"
                {
                }

                over "Busway_B_B3_Tap_9"
                {
                }

                over "rt_clg_man_a_r4_feed_s_Seg_1"
                {
                    over "Port"
                    {
                    }

                    over "Port_ef2c8d"
                    {
                    }
                }

                over "Busway_B_A4_Drop_5"
                {
                }

                over "rt_clg_chw_main_s_Seg_5"
                {
                    over "Port"
                    {
                    }

                    over "Port_ee2ca5"
                    {
                    }
                }

                over "Busway_A_B1_Tap_20"
                {
                }

                over "Busway_B_A1_Seg_15"
                {
                }

                over "LV_Cable_MSB_A_HDB_A_Seg_1"
                {
                }

                over "Busway_A_A4_Tap_10"
                {
                }

                over "rt_clg_cdu_a3_sec_s_Seg_1"
                {
                    over "Port"
                    {
                    }

                    over "Port_de1130"
                    {
                    }
                }

                over "Busway_B_A1_Seg_11"
                {
                }

                over "Data_Tray_B1_Branch_9"
                {
                }

                over "LV_Cable_MSB_B_UPS_B3_Seg_1"
                {
                }

                over "Busway_A_B1_Seg_1"
                {
                }

                over "LV_Cable_UOB_B_PDU_B_B3_Seg_1"
                {
                }

                over "clg_man_a_r1_s_Tap_8"
                {
                }

                over "Data_Tray_A2_Seg_17"
                {
                }

                over "Data_Tray_A3_Branch_8"
                {
                }

                over "Busway_B_B2_Seg_4"
                {
                }

                over "Busway_A_A4_Tap_5"
                {
                }

                over "clg_man_a_r4_r_Seg_16"
                {
                    over "Port"
                    {
                    }

                    over "Port_f0fe53"
                    {
                    }
                }

                over "rack_a_r2_01_Supply_Hose"
                {
                    over "Port"
                    {
                    }

                    over "Port_de3d82"
                    {
                    }
                }

                over "LV_Cable_MCC_A_clg_drc_1_Seg_1"
                {
                }

                over "Busway_B_A3_Seg_1"
                {
                }

                over "LV_Cable_UPS_A1_UOB_A_Seg_2"
                {
                }

                over "clg_man_a_r1_s_Seg_17"
                {
                    over "Port"
                    {
                    }

                    over "Port_cf33bb"
                    {
                    }
                }

                over "Data_Tray_A2_Drop_4"
                {
                }

                over "Busway_A_B1_Drop_20"
                {
                }

                over "Data_Tray_B2_Seg_13"
                {
                }

                over "Busway_B_B3_Drop_19"
                {
                }

                over "Busway_B_B1_Drop_12"
                {
                }

                over "HV_Cable_UTIL_B_RMU_B_Seg_1"
                {
                }

                over "LV_Cable_MSB_B_UPS_B3_Seg_2"
                {
                }

                over "Busway_A_A3_Drop_11"
                {
                }

                over "Busway_B_A2_Tap_15"
                {
                }

                over "Busway_B_B2_Seg_15"
                {
                }

                over "Data_Tray_A3_Seg_5"
                {
                }

                over "rack_a_r4_06_Supply_Hose"
                {
                    over "Port"
                    {
                    }

                    over "Port_bb24c8"
                    {
                    }
                }

                over "Busway_A_B2_Drop_8"
                {
                }

                over "Busway_A_B2_Seg_10"
                {
                }

                over "rack_a_r1_16_Return_Hose"
                {
                    over "Port"
                    {
                    }

                    over "Port_df806f"
                    {
                    }
                }

                over "Busway_B_A2_Seg_9"
                {
                }

                over "Busway_B_B2_Tap_18"
                {
                }

                over "LV_Cable_UOB_B_PDU_B_B2_Seg_1"
                {
                }

                over "col_018"
                {
                }

                over "LV_Cable_MCC_B_clg_ahu_1_Bend_1"
                {
                }

                over "rt_clg_fws_main_r_Seg_9"
                {
                    over "Port"
                    {
                    }

                    over "Port_3c316e"
                    {
                    }
                }

                over "rt_clg_bt_1_r_Seg_1"
                {
                    over "Port"
                    {
                    }

                    over "Port_20368a"
                    {
                    }
                }

                over "Busway_B_A3_Tap_13"
                {
                }

                over "Busway_B_B4_Drop_20"
                {
                }

                over "Busway_A_B3_Drop_10"
                {
                }

                over "LV_Cable_MCC_A_clg_drc_2_Bend_1"
                {
                }

                over "Busway_B_A3_Drop_11"
                {
                }

                over "clg_man_a_r3_s_Tap_13"
                {
                }

                over "Busway_B_B3_Seg_15"
                {
                }

                over "HV_Cable_RMU_B_TX_B_Bend_1"
                {
                }

                over "Data_Tray_B2_Branch_15"
                {
                }

                over "rack_a_r4_04_Supply_Hose"
                {
                    over "Port"
                    {
                    }

                    over "Port_c06660"
                    {
                    }
                }

                over "clg_man_a_r1_r_Tap_2"
                {
                }

                over "LV_Cable_MSB_B_UPS_B1_Seg_1"
                {
                }

                over "Busway_B_A1_Seg_1"
                {
                }

                over "Data_Tray_A4_Branch_14"
                {
                }

                over "Data_Tray_B4_Drop_9"
                {
                }

                over "Data_Tray_A2_Seg_9"
                {
                }

                over "Busway_B_A4_Seg_11"
                {
                }

                over "LV_Cable_MCC_B_clg_crah_b4_Bend_1"
                {
                }

                over "col_068"
                {
                }

                over "Data_Tray_A4_Seg_8"
                {
                }

                over "Busway_A_A1_Seg_5"
                {
                }

                over "Busway_A_A4_Tap_12"
                {
                }

                over "clg_man_a_r2_r_Tap_12"
                {
                }

                over "Busway_A_B4_Seg_20"
                {
                }

                over "Busway_A_B4_Seg_11"
                {
                }

                over "Busway_A_A2_Tap_15"
                {
                }

                over "rt_clg_fwp_1_s_Leg"
                {
                    over "Port"
                    {
                    }

                    over "Port_e8e085"
                    {
                    }
                }

                over "clg_man_a_r4_s_Seg_3"
                {
                    over "Port"
                    {
                    }

                    over "Port_f1c16a"
                    {
                    }
                }

                over "Busway_A_B1_Seg_5"
                {
                }

                over "rack_a_r3_19_Supply_Hose"
                {
                    over "Port"
                    {
                    }

                    over "Port_674379"
                    {
                    }
                }

                over "Data_Tray_B1_Drop_17"
                {
                }

                over "rack_a_r2_14_Return_Hose"
                {
                    over "Port"
                    {
                    }

                    over "Port_def386"
                    {
                    }
                }

                over "Busway_B_A1_Tap_4"
                {
                }

                over "Busway_A_A4_Tap_3"
                {
                }

                over "Busway_B_B4_Drop_8"
                {
                }

                over "Spine_Stub_A4_Seg_1"
                {
                }

                over "rt_clg_man_a_r1_feed_s_Seg_1"
                {
                    over "Port"
                    {
                    }

                    over "Port_3a7ba7"
                    {
                    }
                }

                over "Busway_A_B2_Drop_13"
                {
                }

                over "Data_Tray_A3_Seg_14"
                {
                }

                over "rt_clg_fws_yard_s_Tap_clg_drc_3"
                {
                }

                over "Busway_B_A3_Tap_18"
                {
                }

                over "rt_clg_dos_1_r_Seg_1"
                {
                    over "Port"
                    {
                    }

                    over "Port_67c8f1"
                    {
                    }
                }

                over "Data_Tray_B4_Drop_11"
                {
                }

                over "Spine_Stub_A3_Seg_1"
                {
                }

                over "Busway_A_A4_Drop_8"
                {
                }

                over "Busway_A_A2_Tap_2"
                {
                }

                over "rt_clg_tcs_hdr_s_Seg_1"
                {
                    over "Port"
                    {
                    }

                    over "Port_c2fbea"
                    {
                    }
                }

                over "rt_clg_fwp_1_r_Leg"
                {
                    over "Port"
                    {
                    }

                    over "Port_c6941f"
                    {
                    }
                }

                over "LV_Cable_UOB_A_PDU_A_B4_Seg_3"
                {
                }

                over "rt_clg_man_a_r3_feed_r_Seg_1"
                {
                    over "Port"
                    {
                    }

                    over "Port_fe5b19"
                    {
                    }
                }

                over "LV_Cable_UOB_A_PDU_A_A1_Seg_3"
                {
                }

                over "Busway_B_B4_Seg_9"
                {
                }

                over "Data_Tray_A2_Seg_5"
                {
                }

                over "col_076"
                {
                }

                over "door_hall_b_w"
                {
                }

                over "LV_Cable_UPS_A2_UOB_A_Seg_2"
                {
                }

                over "Data_Tray_A4_Bend_20"
                {
                }

                over "Busway_B_B3_Drop_9"
                {
                }

                over "Busway_A_B1_Seg_19"
                {
                }

                over "Busway_B_A2_Tap_10"
                {
                }

                over "Data_Tray_A1_Seg_2"
                {
                }

                over "Busway_A_A3_Seg_19"
                {
                }

                over "Busway_A_B2_Drop_12"
                {
                }

                over "Busway_B_A1_Drop_7"
                {
                }

                over "LV_Cable_MCC_B_clg_cdu_a4_Bend_1"
                {
                }

                over "rack_a_r4_18_Return_Hose"
                {
                    over "Port"
                    {
                    }

                    over "Port_a51e8c"
                    {
                    }
                }

                over "rack_a_r4_11_Supply_Hose"
                {
                    over "Port"
                    {
                    }

                    over "Port_ad7f57"
                    {
                    }
                }

                over "Busway_A_A2_Tap_9"
                {
                }

                over "Busway_A_A2_Seg_19"
                {
                }

                over "Data_Tray_A3_Seg_15"
                {
                }

                over "Data_Tray_A2_Branch_10"
                {
                }

                over "clg_man_a_r1_s_Seg_20"
                {
                    over "Port"
                    {
                    }

                    over "Port_9b8967"
                    {
                    }
                }

                over "Busway_A_A2_Tap_7"
                {
                }

                over "Data_Tray_B2_Drop_8"
                {
                }

                over "Busway_B_B1_Tap_8"
                {
                }

                over "col_059"
                {
                }

                over "Busway_B_A2_Seg_8"
                {
                }

                over "Busway_A_A4_Seg_17"
                {
                }

                over "clg_man_a_r1_s_Tap_11"
                {
                }

                over "slab_roof_main"
                {
                }

                over "Data_Tray_B1_Seg_15"
                {
                }

                over "rack_a_r3_15_Supply_Hose"
                {
                    over "Port"
                    {
                    }

                    over "Port_f510f4"
                    {
                    }
                }

                over "LV_Cable_MCC_B_clg_chp_2_Bend_1"
                {
                }

                over "wall_l0_h_004"
                {
                }

                over "clg_man_a_r4_r_Tap_8"
                {
                }

                over "Data_Tray_B2_Drop_15"
                {
                }

                over "rack_a_r3_05_Return_Hose"
                {
                    over "Port"
                    {
                    }

                    over "Port_f8febb"
                    {
                    }
                }

                over "rt_clg_tcs_hdr_r_Seg_1"
                {
                    over "Port"
                    {
                    }

                    over "Port_944af4"
                    {
                    }
                }

                over "Busway_B_B3_Seg_20"
                {
                }

                over "col_037"
                {
                }

                over "Busway_B_B1_Seg_7"
                {
                }

                over "rt_clg_cdu_a4_pri_r_Seg_1"
                {
                    over "Port"
                    {
                    }

                    over "Port_fa4975"
                    {
                    }
                }

                over "Busway_A_A1_Drop_16"
                {
                }

                over "clg_man_a_r2_r_Tap_15"
                {
                }

                over "Busway_B_A2_Tap_19"
                {
                }

                over "Data_Tray_B4_Drop_12"
                {
                }

                over "Busway_B_B3_Drop_5"
                {
                }

                over "col_050"
                {
                }

                over "clg_man_a_r4_s_Tap_8"
                {
                }

                over "Data_Tray_B1_Drop_11"
                {
                }

                over "LV_Cable_UPS_A3_UOB_A_Bend_1"
                {
                }

                over "Data_Tray_B1_Seg_10"
                {
                }

                over "clg_man_a_r3_s_Seg_3"
                {
                    over "Port"
                    {
                    }

                    over "Port_9c9957"
                    {
                    }
                }

                over "rack_a_r1_14_Supply_Hose"
                {
                    over "Port"
                    {
                    }

                    over "Port_dd5cbd"
                    {
                    }
                }

                over "wall_l0_h_034"
                {
                }

                over "clg_man_a_r3_s_Seg_9"
                {
                    over "Port"
                    {
                    }

                    over "Port_9ee98c"
                    {
                    }
                }

                over "rt_clg_fws_main_s_Seg_9"
                {
                    over "Port"
                    {
                    }

                    over "Port_4b18e2"
                    {
                    }
                }

                over "Busway_B_A2_Seg_18"
                {
                }

                over "rt_clg_fwp_3_s_Leg"
                {
                    over "Port"
                    {
                    }

                    over "Port_aa5acb"
                    {
                    }
                }

                over "Busway_A_B2_Tap_15"
                {
                }

                over "Data_Tray_A1_Drop_11"
                {
                }

                over "rt_clg_fws_main_s_Bend_3"
                {
                }

                over "LV_Cable_MCC_A_clg_cdu_a2_Bend_1"
                {
                }

                over "Data_Tray_B1_Seg_13"
                {
                }

                over "Busway_A_B2_Drop_14"
                {
                }

                over "LV_Cable_UOB_A_PDU_A_B2_Seg_2"
                {
                }

                over "clg_man_a_r4_r_Seg_4"
                {
                    over "Port"
                    {
                    }

                    over "Port_d64396"
                    {
                    }
                }

                over "Data_Tray_B2_Branch_16"
                {
                }

                over "Busway_B_B4_Tap_10"
                {
                }

                over "rt_clg_fws_yard_s_Tap_main"
                {
                }

                over "Busway_A_B3_Seg_19"
                {
                }

                over "Busway_A_A3_Tap_11"
                {
                }

                over "wall_l0_v_059"
                {
                }

                over "rt_clg_chw_main_r_Seg_6"
                {
                    over "Port"
                    {
                    }

                    over "Port_b97b36"
                    {
                    }
                }

                over "clg_man_a_r2_s_Seg_10"
                {
                    over "Port"
                    {
                    }

                    over "Port_ead51e"
                    {
                    }
                }

                over "clg_man_a_r3_s_Seg_19"
                {
                    over "Port"
                    {
                    }

                    over "Port_d99b38"
                    {
                    }
                }

                over "Busway_A_A3_Drop_8"
                {
                }

                over "rt_clg_fws_main_r_Seg_2"
                {
                    over "Port"
                    {
                    }

                    over "Port_f59034"
                    {
                    }
                }

                over "rack_a_r4_15_Return_Hose"
                {
                    over "Port"
                    {
                    }

                    over "Port_4cd69a"
                    {
                    }
                }

                over "Data_Tray_B1_Branch_14"
                {
                }

                over "clg_man_a_r4_r_Seg_17"
                {
                    over "Port"
                    {
                    }

                    over "Port_a47f38"
                    {
                    }
                }

                over "Busway_A_B2_Seg_7"
                {
                }

                over "rt_clg_drc_2_r_Seg_1"
                {
                    over "Port"
                    {
                    }

                    over "Port_978126"
                    {
                    }
                }

                over "LV_Cable_UPS_B2_UOB_B_Bend_1"
                {
                }

                over "Data_Tray_A1_Branch_6"
                {
                }

                over "Data_Tray_A4_Seg_18"
                {
                }

                over "Busway_A_B4_Drop_11"
                {
                }

                over "LV_Cable_MSB_B_UPS_B2_Seg_1"
                {
                }

                over "Busway_B_B2_Drop_1"
                {
                }

                over "rack_a_r3_01_Supply_Hose"
                {
                    over "Port"
                    {
                    }

                    over "Port_91aa70"
                    {
                    }
                }

                over "clg_man_a_r4_r_Tap_6"
                {
                }

                over "Busway_B_B2_Tap_8"
                {
                }

                over "Data_Tray_A1_Branch_17"
                {
                }

                over "Data_Tray_B3_Seg_17"
                {
                }

                over "clg_man_a_r1_r_Seg_16"
                {
                    over "Port"
                    {
                    }

                    over "Port_decad6"
                    {
                    }
                }

                over "Data_Tray_A3_Drop_7"
                {
                }

                over "Busway_B_A4_Tap_5"
                {
                }

                over "Busway_B_B4_Tap_19"
                {
                }

                over "Busway_B_B2_Drop_11"
                {
                }

                over "rack_a_r3_11_Return_Hose"
                {
                    over "Port"
                    {
                    }

                    over "Port_bccb03"
                    {
                    }
                }

                over "Busway_B_A3_Seg_20"
                {
                }

                over "Busway_B_A1_Drop_1"
                {
                }

                over "Busway_A_A4_Seg_14"
                {
                }

                over "Busway_B_B3_Tap_1"
                {
                }

                over "Data_Tray_B1_Seg_5"
                {
                }

                over "Busway_B_B2_Drop_16"
                {
                }

                over "Data_Tray_A4_Drop_14"
                {
                }

                over "rack_a_r3_20_Return_Hose"
                {
                    over "Port"
                    {
                    }

                    over "Port_c6f1c5"
                    {
                    }
                }

                over "LV_Cable_UPS_B2_UOB_B_Seg_2"
                {
                }

                over "Busway_A_A4_Drop_17"
                {
                }

                over "wall_l0_h_031"
                {
                }

                over "Data_Tray_A3_Seg_1"
                {
                }

                over "rt_clg_chp_1_r_Riser"
                {
                    over "Port"
                    {
                    }

                    over "Port_a01d6d"
                    {
                    }
                }

                over "Busway_B_A1_Tap_7"
                {
                }

                over "col_071"
                {
                }

                over "rack_a_r2_01_Return_Hose"
                {
                    over "Port"
                    {
                    }

                    over "Port_41bb8e"
                    {
                    }
                }

                over "Busway_B_B3_Seg_3"
                {
                }

                over "LV_Cable_MCC_B_clg_crah_b5_Bend_1"
                {
                }

                over "clg_man_a_r3_s_Tap_16"
                {
                }

                over "Busway_A_B2_Seg_3"
                {
                }

                over "Data_Tray_B4_Seg_14"
                {
                }

                over "Data_Spine_B_Seg_1"
                {
                }

                over "Busway_A_A2_Tap_16"
                {
                }

                over "LV_Cable_UPS_B4_UOB_B_Seg_2"
                {
                }

                over "Busway_B_A2_Seg_12"
                {
                }

                over "HV_Cable_RMU_A_TX_A_Seg_2"
                {
                }

                over "Busway_A_B3_Tap_3"
                {
                }

                over "Busway_A_B1_Drop_8"
                {
                }

                over "Data_Tray_B2_Seg_17"
                {
                }

                over "rt_clg_tcs_hdr_r_Tap_west"
                {
                }

                over "clg_man_a_r3_s_Seg_14"
                {
                    over "Port"
                    {
                    }

                    over "Port_f94b60"
                    {
                    }
                }

                over "LV_Cable_UOB_A_PDU_A_A1_Bend_2"
                {
                }

                over "Office_Data_Tray_Bend_1"
                {
                }

                over "Busway_A_B3_Seg_11"
                {
                }

                over "LV_Cable_UOB_B_PDU_B_B3_Bend_1"
                {
                }

                over "LV_Cable_MSB_A_UPS_A4_Seg_1"
                {
                }

                over "Busway_A_B1_Seg_20"
                {
                }

                over "Busway_B_A4_Drop_9"
                {
                }

                over "rt_clg_fwp_1_r_Elbow"
                {
                }

                over "Data_Tray_B1_Branch_12"
                {
                }

                over "Data_Tray_B2_Drop_20"
                {
                }

                over "Busway_A_B2_Drop_7"
                {
                }

                over "Busway_A_B4_Seg_13"
                {
                }

                over "Data_Tray_B3_Seg_13"
                {
                }

                over "Data_Tray_B1_Branch_7"
                {
                }

                over "Data_Tray_B2_Seg_16"
                {
                }

                over "Busway_B_B2_Drop_15"
                {
                }

                over "wall_l0_h_023"
                {
                }

                over "Data_Tray_A1_Branch_19"
                {
                }

                over "Busway_B_A1_Tap_15"
                {
                }

                over "Busway_A_B3_Drop_9"
                {
                }

                over "clg_man_a_r2_s_Seg_4"
                {
                    over "Port"
                    {
                    }

                    over "Port_4c094d"
                    {
                    }
                }

                over "Busway_A_B4_Drop_12"
                {
                }

                over "clg_man_a_r1_r_Tap_13"
                {
                }

                over "col_066"
                {
                }

                over "rack_a_r1_08_Return_Hose"
                {
                    over "Port"
                    {
                    }

                    over "Port_d60a2c"
                    {
                    }
                }

                over "Busway_B_B3_Drop_3"
                {
                }

                over "Busway_B_B4_Drop_1"
                {
                }

                over "Busway_A_A2_Seg_18"
                {
                }

                over "Data_Tray_A4_Branch_12"
                {
                }

                over "clg_crah_b2_Feed_Stub"
                {
                    over "Port"
                    {
                    }

                    over "Port_d6eae9"
                    {
                    }
                }

                over "rack_a_r1_01_Supply_Hose"
                {
                    over "Port"
                    {
                    }

                    over "Port_cf589e"
                    {
                    }
                }

                over "Busway_B_A3_Seg_15"
                {
                }

                over "Data_Tray_A4_Drop_1"
                {
                }

                over "Spine_Stub_A2_Seg_1"
                {
                }

                over "Data_Tray_B3_Seg_10"
                {
                }

                over "door_noc_comms"
                {
                }

                over "clg_man_a_r2_r_Tap_7"
                {
                }

                over "Busway_B_B2_Tap_19"
                {
                }

                over "Busway_A_A4_Drop_15"
                {
                }

                over "Busway_A_B2_Seg_4"
                {
                }

                over "Busway_B_B2_Seg_7"
                {
                }

                over "LV_Cable_MCC_A_clg_ch_1_Bend_1"
                {
                }

                over "clg_man_a_r3_s_Seg_4"
                {
                    over "Port"
                    {
                    }

                    over "Port_738f20"
                    {
                    }
                }

                over "rack_a_r2_11_Supply_Hose"
                {
                    over "Port"
                    {
                    }

                    over "Port_8e2129"
                    {
                    }
                }

                over "rt_clg_cdu_a2_sec_s_Seg_1"
                {
                    over "Port"
                    {
                    }

                    over "Port_926a91"
                    {
                    }
                }

                over "Data_Tray_B1_Branch_1"
                {
                }

                over "Data_Tray_A3_Drop_12"
                {
                }

                over "Data_Tray_B1_Branch_17"
                {
                }

                over "rack_a_r3_03_Supply_Hose"
                {
                    over "Port"
                    {
                    }

                    over "Port_857190"
                    {
                    }
                }

                over "Busway_A_A3_Tap_12"
                {
                }

                over "LV_Cable_UOB_A_PDU_A_B4_Seg_2"
                {
                }

                over "Busway_B_A2_Tap_20"
                {
                }

                over "Data_Tray_B1_Drop_7"
                {
                }

                over "Data_Tray_A3_Drop_4"
                {
                }

                over "Busway_B_A4_Seg_18"
                {
                }

                over "Busway_B_A2_Seg_17"
                {
                }

                over "Busway_B_A3_Seg_6"
                {
                }

                over "Busway_A_B2_Tap_20"
                {
                }

                over "Data_Tray_B1_Seg_4"
                {
                }

                over "Busway_A_A3_Drop_7"
                {
                }

                over "Data_Tray_A2_Drop_2"
                {
                }

                over "clg_man_a_r1_s_Seg_10"
                {
                    over "Port"
                    {
                    }

                    over "Port_c87789"
                    {
                    }
                }

                over "Data_Tray_A1_Drop_14"
                {
                }

                over "col_042"
                {
                }

                over "Busway_A_A1_Seg_12"
                {
                }

                over "LV_Cable_MSB_A_UPS_A4_Bend_1"
                {
                }

                over "clg_man_a_r1_r_Tap_18"
                {
                }

                over "Data_Tray_B3_Drop_10"
                {
                }

                over "clg_man_a_r2_s_Tap_13"
                {
                }

                over "Data_Tray_B3_Branch_17"
                {
                }

                over "wall_l0_h_035"
                {
                }

                over "clg_man_a_r2_r_Seg_2"
                {
                    over "Port"
                    {
                    }

                    over "Port_9a389f"
                    {
                    }
                }

                over "col_048"
                {
                }

                over "Data_Spine_B_Bend_2"
                {
                }

                over "Busway_A_B4_Tap_15"
                {
                }

                over "clg_crah_b6_Riser_Stub"
                {
                    over "Port"
                    {
                    }

                    over "Port_bd9412"
                    {
                    }
                }

                over "clg_man_a_r1_s_Seg_5"
                {
                    over "Port"
                    {
                    }

                    over "Port_555639"
                    {
                    }
                }

                over "Data_Tray_B1_Branch_4"
                {
                }

                over "clg_man_a_r1_r_Seg_15"
                {
                    over "Port"
                    {
                    }

                    over "Port_c97b11"
                    {
                    }
                }

                over "Busway_A_B2_Seg_14"
                {
                }

                over "col_015"
                {
                }

                over "LV_Cable_MCC_B_clg_crah_b5_Seg_1"
                {
                }

                over "clg_man_a_r4_r_Tap_18"
                {
                }

                over "clg_man_a_r4_s_Tap_16"
                {
                }

                over "Busway_A_A3_Seg_1"
                {
                }

                over "Busway_A_A2_Seg_20"
                {
                }

                over "Data_Tray_A4_Branch_8"
                {
                }

                over "rt_clg_fws_main_r_Seg_1"
                {
                    over "Port"
                    {
                    }

                    over "Port_48ee9a"
                    {
                    }
                }

                over "clg_man_a_r1_s_Seg_1"
                {
                    over "Port"
                    {
                    }

                    over "Port_4385af"
                    {
                    }
                }

                over "Busway_B_B2_Seg_13"
                {
                }

                over "LV_Cable_MSB_A_UPS_A2_Seg_2"
                {
                }

                over "Busway_B_B1_Tap_7"
                {
                }

                over "Busway_A_A3_Drop_20"
                {
                }

                over "rt_clg_chw_hdr_w_s_Tap_main"
                {
                }

                over "clg_man_a_r1_s_Tap_19"
                {
                }

                over "LV_Cable_UOB_A_PDU_A_B1_Seg_2"
                {
                }

                over "rt_clg_fws_main_s_Bend_1"
                {
                }
            }

            over "L01_Office"
            {
                over "wall_l1_v_017"
                {
                }

                over "wall_l1_h_001"
                {
                }

                over "wall_l1_v_014"
                {
                }

                over "wall_l1_h_008"
                {
                }

                over "wall_l1_h_002"
                {
                }

                over "wall_l1_h_010"
                {
                }

                over "wall_l1_h_007"
                {
                }

                over "wall_l1_v_013"
                {
                }

                over "Office_Corridor_L01"
                {
                    over "sec_cam_corr_ocorr_1_2"
                    {
                    }

                    over "sec_cam_corr_ocorr_1_1"
                    {
                    }
                }

                over "wall_l1_v_019"
                {
                }

                over "wall_l1_v_012"
                {
                }

                over "slab_roof_office"
                {
                }

                over "door_kitchen"
                {
                }

                over "slab_l1_office_n"
                {
                }

                over "door_stair_1"
                {
                }

                over "wall_l1_h_006"
                {
                }

                over "wall_l1_h_004"
                {
                }

                over "slab_l1_office_s"
                {
                }

                over "door_office_1"
                {
                }

                over "wall_l1_h_003"
                {
                }

                over "wall_l1_v_018"
                {
                }

                over "wall_l1_v_015"
                {
                }

                over "wall_l1_h_009"
                {
                }

                over "wall_l1_v_016"
                {
                }

                over "door_wc"
                {
                }

                over "wall_l1_v_011"
                {
                }

                over "wall_l1_h_005"
                {
                }

                over "door_meeting_1"
                {
                }
            }
        }

        over "Heat_Rejection_Yard"
        {
            over "sec_cam_yard_hr_fixed_2"
            {
            }

            over "sec_cam_ext_plant_ext"
            {
            }

            over "DRC_1"
            {
            }

            over "sec_cam_ext_dock"
            {
            }

            over "DRC_3"
            {
            }

            over "sec_cam_ext_main"
            {
            }

            over "DRC_4"
            {
            }

            over "sec_cam_yard_hr_fixed_1"
            {
            }

            over "DRC_2"
            {
            }
        }

        over "Generator_Yard_A"
        {
            over "sec_cam_ext_gen_a"
            {
            }

            over "TX_A"
            {
            }

            over "GEN_A"
            {
            }

            over "FT_A"
            {
            }

            over "sec_cam_yard_a"
            {
            }

            over "sec_cam_yard_gen_a_fixed_1"
            {
            }

            over "UTIL_A"
            {
            }

            over "sec_cam_yard_gen_a_fixed_2"
            {
            }
        }

        over "Generator_Yard_B"
        {
            over "sec_cam_yard_gen_b_fixed_1"
            {
            }

            over "sec_cam_yard_b"
            {
            }

            over "TX_B"
            {
            }

            over "sec_cam_ext_gen_b"
            {
            }

            over "sec_cam_yard_gen_b_fixed_2"
            {
            }

            over "UTIL_B"
            {
            }

            over "GEN_B"
            {
            }

            over "FT_B"
            {
            }
        }

        over "pad_hr"
        {
        }

        over "pad_gen_b"
        {
        }

        over "pad_gen_a"
        {
        }
    }

    over "_TypeCatalog"
    {
        over "bullet_4mp_outdoor"
        {
        }

        over "CHW_Pipe_DN65"
        {
        }

        over "RC_Column_400x400"
        {
        }

        over "Server_Rack_600x1200"
        {
        }

        over "Ring_Main_Unit_11kV"
        {
        }

        over "Main_LV_Switchboard"
        {
        }

        over "Dosing_Skid"
        {
        }

        over "dome_5mp"
        {
        }

        over "TCS_Pipe_Junction"
        {
        }

        over "Buffer_Tank"
        {
        }

        over "Utility_Intake"
        {
        }

        over "DC_Battery_Cable"
        {
        }

        over "Power_Distribution_Unit"
        {
        }

        over "Cable_Tray_Bend_450x100"
        {
        }

        over "Motor_Control_Centre"
        {
        }

        over "Fuel_Line_Bend_DN80"
        {
        }

        over "FWS_Pipe_Junction"
        {
        }

        over "Cable_Tray_Tee_450x100"
        {
        }

        over "RC_Ring_Beam_400x600"
        {
        }

        over "Cable_Tray_450x100_GI"
        {
        }

        over "Rack_Power_Cord"
        {
        }

        over "Diesel_Fuel_Tank"
        {
        }

        over "Fuel_Line_DN80"
        {
        }

        over "AHU"
        {
        }

        over "FWS_Pipe_DN100"
        {
        }

        over "ptz_4k"
        {
        }

        over "Fire_Wall_200"
        {
        }

        over "UPS_Module"
        {
        }

        over "TCS_Pipe_Bend"
        {
        }

        over "Door_Single_900x2100"
        {
        }

        over "Cable_Junction"
        {
        }

        over "Coolant_Distribution_Unit"
        {
        }

        over "TCS_Pipe_DN150"
        {
        }

        over "AVA_Sounder_Beacon"
        {
        }

        over "CHW_Pipe_Bend"
        {
        }

        over "Door_Roller_3500x4000"
        {
        }

        over "Dry_Cooler"
        {
        }

        over "HV_Power_Cable_11kV"
        {
        }

        over "UPS_Output_Board"
        {
        }

        over "LV_Power_Cable"
        {
        }

        over "TCS_Pipe_DN100"
        {
        }

        over "Busbar_Trunking"
        {
        }

        over "Cable_Tray_Bend_600x100"
        {
        }

        over "Iris_Scanner"
        {
        }

        over "TCS_Rack_Hose_DN25"
        {
        }

        over "Carrier_Rack_600x1200"
        {
        }

        over "CHW_Pipe_DN150"
        {
        }

        over "FWS_Pipe_Bend"
        {
        }

        over "Busway_Tap_Off_Junction"
        {
        }

        over "Door_Double_1800x2100"
        {
        }

        over "Cable_Tray_600x100_GI"
        {
        }

        over "Cast_Resin_Transformer_11kV_400V"
        {
        }

        over "House_Distribution_Board"
        {
        }

        over "Battery_String"
        {
        }

        over "Air_Cooled_Chiller"
        {
        }

        over "Cable_Tray_Dropper_150x50"
        {
        }

        over "Plate_Heat_Exchanger"
        {
        }

        over "CRAH"
        {
        }

        over "Standby_Diesel_Generator"
        {
        }

        over "End_Suction_Pump"
        {
        }

        over "External_Wall_300"
        {
        }

        over "FWS_Pipe_DN200"
        {
        }

        over "CHW_Pipe_Junction"
        {
        }

        over "Internal_Wall_150"
        {
        }
    }
}

